item,type,kanji,earn_rate,earning,area,ken,station
海苔だんだん屋,食品,1000万円,2000万円,200%,北海道,北海道,松前
松前漬け屋,食品,1000万円,800万円,80%,北海道,北海道,松前
松前漬け屋,食品,1000万円,800万円,80%,北海道,北海道,松前
スルメイカ漁,水産,1億円,400万円,4%,北海道,北海道,松前
横綱記念館,観光,15億円,3000万円,2%,北海道,北海道,松前
ウニ丼屋,食品,1000万円,1000万円,100%,北海道,北海道,利尻
ウニ丼屋,食品,1000万円,1000万円,100%,北海道,北海道,利尻
利尻ラーメン屋,食品,1000万円,800万円,80%,北海道,北海道,利尻
利尻昆布漁,水産,3億円,2700万円,9%,北海道,北海道,利尻
利尻ウニ漁,水産,5億円,1500万円,3%,北海道,北海道,利尻
牛乳ソフト屋,食品,1000万円,1000万円,100%,北海道,北海道,興部
牛乳ソフト屋,食品,1000万円,1000万円,100%,北海道,北海道,興部
乳牛牧場,農林,6億円,1200万円,2%,北海道,北海道,興部
乳牛牧場,農林,6億円,1200万円,2%,北海道,北海道,興部
乳牛牧場,農林,6億円,1200万円,2%,北海道,北海道,興部
イクラ醤油漬け屋,食品,1000万円,1000万円,100%,北海道,北海道,斜里
小麦畑,農林,5000万円,250万円,5%,北海道,北海道,斜里
シャケ漁,水産,1億円,500万円,5%,北海道,北海道,斜里
シャケ漁,水産,1億円,500万円,5%,北海道,北海道,斜里
シャケ漁,水産,1億円,500万円,5%,北海道,北海道,斜里
マリモようかん屋,食品,1000万円,1000万円,100%,北海道,北海道,阿寒
マリモようかん屋,食品,1000万円,1000万円,100%,北海道,北海道,阿寒
マリモようかん屋,食品,1000万円,1000万円,100%,北海道,北海道,阿寒
豚丼弁当,食品,1000万円,800万円,80%,北海道,北海道,阿寒
もっこり人形屋,観光,1000万円,500万円,50%,北海道,北海道,阿寒
木彫り人形屋,観光,3000万円,750万円,25%,北海道,北海道,阿寒
木彫り人形屋,観光,3000万円,750万円,25%,北海道,北海道,阿寒
ワカサギ漁,水産,1億円,700万円,7%,北海道,北海道,阿寒
マリモようかん屋,食品,1000万円,1000万円,100%,北海道,北海道,摩周
マリモようかん屋,食品,1000万円,1000万円,100%,北海道,北海道,摩周
マリモようかん屋,食品,1000万円,1000万円,100%,北海道,北海道,摩周
乳牛牧場,農林,4億円,1600万円,4%,北海道,北海道,摩周
乳牛牧場,農林,4億円,1600万円,4%,北海道,北海道,摩周
ポークチャップ屋,食品,1000万円,1000万円,100%,北海道,北海道,別海
乳牛牧場,農林,4億円,1600万円,4%,北海道,北海道,別海
乳牛牧場,農林,4億円,1600万円,4%,北海道,北海道,別海
乳牛牧場,農林,4億円,1600万円,4%,北海道,北海道,別海
北海シマエビ漁,水産,1億円,300万円,3%,北海道,北海道,別海
札幌ラーメン屋,食品,1000万円,1000万円,100%,北海道,北海道,札幌
農学校クッキー屋,食品,1000万円,800万円,80%,北海道,北海道,札幌
ちくわパン屋,食品,1000万円,500万円,50%,北海道,北海道,札幌
プロ野球チーム,観光,80億円,2億4000万円,3%,北海道,北海道,札幌
家具小売業,商業,133億円,3億9900万円,3%,北海道,北海道,札幌
ジンギスカン屋,食品,5億円,1000万円,2%,北海道,北海道,札幌
生チョコ工場,食品,150億円,3億円,2%,北海道,北海道,札幌
羊ヶ丘ドーム,観光,230億円,4億6000万円,2%,北海道,北海道,札幌
めろんゼリー屋,食品,1000万円,1000万円,100%,北海道,北海道,夕張
めろんゼリー屋,食品,1000万円,1000万円,100%,北海道,北海道,夕張
長いもハンバーグ屋,食品,3000万円,1500万円,50%,北海道,北海道,夕張
夕張メロン畑,農林,3億円,2100万円,7%,北海道,北海道,夕張
夕張メロン畑,農林,3億円,2100万円,7%,北海道,北海道,夕張
夕張メロン畑,農林,3億円,2100万円,7%,北海道,北海道,夕張
キネマ街道,観光,16億円,1600万円,1%,北海道,北海道,夕張
スキー場,観光,30億円,3000万円,1%,北海道,北海道,夕張
牡蠣ラーメン屋,食品,1000万円,1000万円,100%,北海道,北海道,釧路
勝手丼屋,食品,1000万円,500万円,50%,北海道,北海道,釧路
タラバガニ漁船団,水産,10億円,4000万円,4%,北海道,北海道,釧路
サケ・マス漁船団,水産,20億円,8000万円,4%,北海道,北海道,釧路
魚市場,水産,40億円,8000万円,2%,北海道,北海道,釧路
パルプ工場,工業,100億円,2億円,2%,北海道,北海道,釧路
パルプ工場,工業,100億円,2億円,2%,北海道,北海道,釧路
カキめし弁当屋,食品,1000万円,1000万円,100%,北海道,北海道,厚岸
カキめし弁当屋,食品,1000万円,1000万円,100%,北海道,北海道,厚岸
カキ漁,水産,4億円,1600万円,4%,北海道,北海道,厚岸
カキ漁,水産,4億円,1600万円,4%,北海道,北海道,厚岸
カキ漁,水産,4億円,1600万円,4%,北海道,北海道,厚岸
イカめし屋,食品,1000万円,1000万円,100%,北海道,北海道,森
イカめし屋,食品,1000万円,1000万円,100%,北海道,北海道,森
イカめし屋,食品,1000万円,1000万円,100%,北海道,北海道,森
鰊みがき弁当屋,食品,1000万円,1000万円,100%,北海道,北海道,函館
塩ラーメン屋,食品,1000万円,1000万円,100%,北海道,北海道,函館
イカ丼屋,食品,1000万円,1000万円,100%,北海道,北海道,函館
イカ丼屋,食品,1000万円,1000万円,100%,北海道,北海道,函館
ラッキーバーガー,食品,5000万円,5000万円,100%,北海道,北海道,函館
演歌の親父記念館,観光,80億円,5億6000万円,7%,北海道,北海道,函館
お寿司屋,食品,1億円,400万円,4%,北海道,北海道,函館
海鮮市場,水産,8億円,3200万円,4%,北海道,北海道,函館
メロンゼリー屋,食品,1000万円,800万円,80%,北海道,北海道,砂川
メロンゼリー屋,食品,1000万円,800万円,80%,北海道,北海道,砂川
おかき屋,食品,1000万円,500万円,50%,北海道,北海道,砂川
とうきびチョコ工場,食品,10億円,7000万円,7%,北海道,北海道,砂川
バウムクーヘン屋,食品,1億円,400万円,4%,北海道,北海道,砂川
しめパフェ屋,食品,1000万円,800万円,80%,北海道,北海道,ススキノ
札幌ラーメン屋,食品,1000万円,800万円,80%,北海道,北海道,ススキノ
札幌ラーメン屋,食品,1000万円,800万円,80%,北海道,北海道,ススキノ
居酒屋,食品,1000万円,500万円,50%,北海道,北海道,ススキノ
カニ料理屋,食品,3億円,1200万円,4%,北海道,北海道,ススキノ
ジンギスカン屋,食品,5億円,1000万円,2%,北海道,北海道,ススキノ
ジンギスカン屋,食品,5億円,1000万円,2%,北海道,北海道,ススキノ
ビジネスホテル,観光,10億円,2000万円,2%,北海道,北海道,ススキノ
パンに塗るプリン屋,食品,1000万円,800万円,80%,北海道,北海道,長万部
でんぷんせんべい屋,食品,1000万円,500万円,50%,北海道,北海道,長万部
ジャガイモ畑,農林,5000万円,250万円,5%,北海道,北海道,長万部
ジャガイモ畑,農林,5000万円,250万円,5%,北海道,北海道,長万部
カニめし屋,食品,1億円,500万円,5%,北海道,北海道,長万部
カニ市場,水産,2億円,600万円,3%,北海道,北海道,長万部
カニ市場,水産,2億円,600万円,3%,北海道,北海道,長万部
カニ市場,水産,2億円,600万円,3%,北海道,北海道,長万部
おふくいも屋,食品,1000万円,800万円,80%,北海道,北海道,洞爺湖
おふくいも屋,食品,1000万円,800万円,80%,北海道,北海道,洞爺湖
サミットホテル,観光,700億円,21億円,3%,北海道,北海道,洞爺湖
火山博物館,観光,8億円,800万円,1%,北海道,北海道,洞爺湖
洞爺湖遊覧船,観光,30億円,3000万円,1%,北海道,北海道,洞爺湖
豚丼屋,食品,1000万円,800万円,80%,北海道,北海道,帯広
豚丼屋,食品,1000万円,800万円,80%,北海道,北海道,帯広
十勝あずき畑,農林,8000万円,800万円,10%,北海道,北海道,帯広
十勝あずき畑,農林,8000万円,800万円,10%,北海道,北海道,帯広
十勝あずき畑,農林,8000万円,800万円,10%,北海道,北海道,帯広
白樺クーヘン屋,食品,1億円,1000万円,10%,北海道,北海道,帯広
バターサンド屋,食品,3億円,3000万円,10%,北海道,北海道,帯広
乳牛牧場,農林,10億円,2000万円,2%,北海道,北海道,帯広
豚の焼き鳥屋,食品,1000万円,800万円,80%,北海道,北海道,室蘭
豚の焼き鳥屋,食品,1000万円,800万円,80%,北海道,北海道,室蘭
カレーラーメン屋,食品,1000万円,500万円,50%,北海道,北海道,室蘭
製鉄所,工業,30億円,6000万円,2%,北海道,北海道,室蘭
製鉄所,工業,30億円,6000万円,2%,北海道,北海道,室蘭
バター飴屋,食品,1000万円,800万円,80%,北海道,北海道,八雲
バター飴屋,食品,1000万円,800万円,80%,北海道,北海道,八雲
あわびラーメン屋,食品,1000万円,500万円,50%,北海道,北海道,八雲
あわびラーメン屋,食品,1000万円,500万円,50%,北海道,北海道,八雲
ウォーター工場,食品,1億円,200万円,2%,北海道,北海道,八雲
ご勝手ようかん屋,食品,1000万円,800万円,80%,北海道,北海道,江差
ご勝手ようかん屋,食品,1000万円,800万円,80%,北海道,北海道,江差
にしんそば屋,食品,1000万円,500万円,50%,北海道,北海道,江差
にしんそば屋,食品,1000万円,500万円,50%,北海道,北海道,江差
幕末軍艦丸記念館,観光,20億円,4000万円,2%,北海道,北海道,江差
旭川ラーメン屋,食品,1000万円,700万円,70%,北海道,北海道,旭川
旭川ラーメン屋,食品,1000万円,700万円,70%,北海道,北海道,旭川
ゲソ丼屋,食品,1000万円,500万円,50%,北海道,北海道,旭川
最北端動物園,観光,40億円,4億円,10%,北海道,北海道,旭川
氷の美術館,観光,10億円,3000万円,3%,北海道,北海道,旭川
ななつぼし水田,農林,1億円,200万円,2%,北海道,北海道,旭川
ななつぼし水田,農林,1億円,200万円,2%,北海道,北海道,旭川
パルプ工場,工業,80億円,1億6000万円,2%,北海道,北海道,旭川
昆布製品専門店,食品,1000万円,700万円,70%,北海道,北海道,小樽
ぱんじゅう屋,食品,1000万円,500万円,50%,北海道,北海道,小樽
チーズケーキ屋,食品,5億円,4000万円,8%,北海道,北海道,小樽
ざんぎ屋,食品,1億円,500万円,5%,北海道,北海道,小樽
スイーツ屋,食品,3億円,1500万円,5%,北海道,北海道,小樽
お寿司屋,食品,1億円,400万円,4%,北海道,北海道,小樽
オルゴール館,観光,2億円,600万円,3%,北海道,北海道,小樽
ガラス工房,観光,3億円,600万円,2%,北海道,北海道,小樽
浜鍋屋,食品,1000万円,500万円,50%,北海道,北海道,礼文
利尻昆布漁,水産,3億円,2100万円,7%,北海道,北海道,礼文
利尻昆布漁,水産,3億円,2100万円,7%,北海道,北海道,礼文
利尻昆布漁,水産,3億円,2100万円,7%,北海道,北海道,礼文
ニシン漁,水産,5億円,1000万円,2%,北海道,北海道,礼文
チュープリン屋,食品,1000万円,500万円,50%,北海道,北海道,天塩
シジミ漁,水産,1億円,400万円,4%,北海道,北海道,天塩
シジミ漁,水産,1億円,400万円,4%,北海道,北海道,天塩
シジミ漁,水産,1億円,400万円,4%,北海道,北海道,天塩
乳牛牧場,農林,3億円,600万円,2%,北海道,北海道,天塩
ひまわりグッズ屋,観光,1000万円,500万円,50%,北海道,北海道,名寄
にしん数の子屋,食品,1000万円,250万円,25%,北海道,北海道,名寄
にしん数の子屋,食品,1000万円,250万円,25%,北海道,北海道,名寄
ひまわり畑,農林,5000万円,150万円,3%,北海道,北海道,名寄
アスパラガス畑,農林,5000万円,150万円,3%,北海道,北海道,名寄
塩焼きそば屋,食品,1000万円,500万円,50%,北海道,北海道,北見
ハッカ工芸品屋,観光,1000万円,400万円,40%,北海道,北海道,北見
ハッカ工芸品屋,観光,1000万円,400万円,40%,北海道,北海道,北見
ハッカ工芸品屋,観光,1000万円,400万円,40%,北海道,北海道,北見
ビート畑,農林,5000万円,500万円,10%,北海道,北海道,北見
カーリング場,観光,5億円,5000万円,10%,北海道,北海道,北見
タマネギ畑,農林,3億円,1200万円,4%,北海道,北海道,北見
タマネギ畑,農林,3億円,1200万円,4%,北海道,北海道,北見
大雪山グッズ屋,観光,1000万円,500万円,50%,北海道,北海道,上川
上川ラーメン屋,食品,1000万円,500万円,50%,北海道,北海道,上川
層雲峡温泉郷,観光,80億円,1億6000万円,2%,北海道,北海道,上川
大雪高原牛牧場,農林,3億円,300万円,1%,北海道,北海道,上川
ニジマス養殖場,水産,4億円,400万円,1%,北海道,北海道,上川
ハッカ工芸品屋,観光,1000万円,500万円,50%,北海道,北海道,遠軽
ハッカ工芸品屋,観光,1000万円,500万円,50%,北海道,北海道,遠軽
白滝ジャガイモ畑,農林,5000万円,250万円,5%,北海道,北海道,遠軽
アスパラガス畑,農林,8000万円,400万円,5%,北海道,北海道,遠軽
アスパラガス畑,農林,8000万円,400万円,5%,北海道,北海道,遠軽
材木工場,農林,2億円,1000万円,5%,北海道,北海道,遠軽
レトルトカレー工場,食品,1億円,300万円,3%,北海道,北海道,遠軽
おかず味噌屋,食品,1000万円,500万円,50%,北海道,北海道,美幌
ジャガイモ畑,農林,5000万円,250万円,5%,北海道,北海道,美幌
ジャガイモ畑,農林,5000万円,250万円,5%,北海道,北海道,美幌
ジャガイモ畑,農林,5000万円,250万円,5%,北海道,北海道,美幌
ジャガイモ畑,農林,5000万円,250万円,5%,北海道,北海道,美幌
ニポポ人形屋,観光,1000万円,500万円,50%,北海道,北海道,網走
木彫り熊屋,観光,1000万円,400万円,40%,北海道,北海道,網走
山わさび畑,農林,1億円,200万円,2%,北海道,北海道,網走
ワカサギ漁,水産,1億円,200万円,2%,北海道,北海道,網走
エゾバフンウニ漁,水産,10億円,2000万円,2%,北海道,北海道,網走
エゾバフンウニ漁,水産,10億円,2000万円,2%,北海道,北海道,網走
エゾバフンウニ漁,水産,10億円,2000万円,2%,北海道,北海道,網走
流氷記念館,観光,20億円,2000万円,1%,北海道,北海道,網走
オムカレー屋,食品,1000万円,500万円,50%,北海道,北海道,富良野
タマネギ畑,農林,2億円,1000万円,5%,北海道,北海道,富良野
純白トウモロコシ畑,農林,5億円,2500万円,5%,北海道,北海道,富良野
ラベンダー畑,農林,1億円,400万円,4%,北海道,北海道,富良野
ラベンダー畑,農林,1億円,400万円,4%,北海道,北海道,富良野
黒小玉スイカ,農林,2億円,600万円,3%,北海道,北海道,富良野
富良野ワイン工場,食品,10億円,2000万円,2%,北海道,北海道,富良野
スキー場,観光,70億円,7000万円,1%,北海道,北海道,富良野
エスカロップ屋,食品,1000万円,500万円,50%,北海道,北海道,根室
エスカロップ屋,食品,1000万円,500万円,50%,北海道,北海道,根室
オランダせんべい屋,食品,1000万円,500万円,50%,北海道,北海道,根室
花咲ガニ漁,水産,10億円,7000万円,7%,北海道,北海道,根室
花咲ガニ漁,水産,10億円,7000万円,7%,北海道,北海道,根室
花咲ガニ漁,水産,10億円,7000万円,7%,北海道,北海道,根室
サンマ漁船団,水産,4億円,800万円,2%,北海道,北海道,根室
サンマ漁船団,水産,4億円,800万円,2%,北海道,北海道,根室
じゃがバター屋,食品,1000万円,500万円,50%,北海道,北海道,ニセコ
スキー場,観光,80億円,4億円,5%,北海道,北海道,ニセコ
スキー場,観光,80億円,4億円,5%,北海道,北海道,ニセコ
スキー場,観光,80億円,4億円,5%,北海道,北海道,ニセコ
スキー場,観光,80億円,4億円,5%,北海道,北海道,ニセコ
ホッキ丼屋,食品,1000万円,500万円,50%,北海道,北海道,苫小牧
ホッキ丼屋,食品,1000万円,500万円,50%,北海道,北海道,苫小牧
ホッキカレー屋,食品,1000万円,500万円,50%,北海道,北海道,苫小牧
ホッキ貝料理屋,食品,3000万円,1500万円,50%,北海道,北海道,苫小牧
製紙工場,工業,40億円,8000万円,2%,北海道,北海道,苫小牧
製紙工場,工業,40億円,8000万円,2%,北海道,北海道,苫小牧
アルミ精錬工場,工業,50億円,5000万円,1%,北海道,北海道,苫小牧
石油化学工場,工業,80億円,8000万円,1%,北海道,北海道,苫小牧
タコしゃぶ屋,食品,1000万円,250万円,25%,北海道,北海道,稚内
タラバガニ漁,水産,10億円,2000万円,2%,北海道,北海道,稚内
稚内牛牧場,農林,16億円,3200万円,2%,北海道,北海道,稚内
ホッケ漁,水産,3億円,300万円,1%,北海道,北海道,稚内
ホッケ漁,水産,3億円,300万円,1%,北海道,北海道,稚内
ホッケ漁,水産,3億円,300万円,1%,北海道,北海道,稚内
砂金アイス屋,食品,1000万円,250万円,25%,北海道,北海道,浜頓別
毛蟹漁,水産,8億円,1600万円,2%,北海道,北海道,浜頓別
乳牛牧場,農林,3億円,300万円,1%,北海道,北海道,浜頓別
ホタテ貝漁,水産,4億円,400万円,1%,北海道,北海道,浜頓別
砂金パーク,観光,6億円,600万円,1%,北海道,北海道,浜頓別
バナナまんじゅう屋,食品,1000万円,250万円,25%,北海道,北海道,池田
インゲンマメ畑,農林,5000万円,250万円,5%,北海道,北海道,池田
ブドウ園,農林,8000万円,400万円,5%,北海道,北海道,池田
ブドウ園,農林,8000万円,400万円,5%,北海道,北海道,池田
十勝ワイン工場,食品,40億円,4000万円,1%,北海道,北海道,池田
牧場,農林,8億円,1億1200万円,14%,北海道,北海道,襟裳
日高昆布漁,水産,3億円,3000万円,10%,北海道,北海道,襟裳
日高昆布漁,水産,3億円,3000万円,10%,北海道,北海道,襟裳
シャケ加工工場,水産,1億円,200万円,2%,北海道,北海道,襟裳
突風博物館,観光,15億円,1500万円,1%,北海道,北海道,襟裳
羅臼昆布漁,水産,10億円,1億円,10%,北海道,北海道,羅臼
羅臼昆布漁,水産,10億円,1億円,10%,北海道,北海道,羅臼
羅臼昆布漁,水産,10億円,1億円,10%,北海道,北海道,羅臼
ぶどうエビ漁,水産,5億円,4000万円,8%,北海道,北海道,羅臼
ぶどうエビ漁,水産,5億円,4000万円,8%,北海道,北海道,羅臼
アスパラガス畑,農林,2億円,2000万円,10%,北海道,北海道,美瑛
アスパラガス畑,農林,2億円,2000万円,10%,北海道,北海道,美瑛
ジャガイモ畑,農林,5億円,2500万円,5%,北海道,北海道,美瑛
ジャガイモ畑,農林,5億円,2500万円,5%,北海道,北海道,美瑛
ポテトスナック工場,食品,50億円,2億5000万円,5%,北海道,北海道,美瑛
タマネギ畑,農林,1億円,400万円,4%,北海道,北海道,美瑛
美瑛石工場,工業,3億円,300万円,1%,北海道,北海道,美瑛
農機工場,工業,28億円,2800万円,1%,北海道,北海道,美瑛
ホタテ漁,水産,3億円,2400万円,8%,北海道,北海道,紋別
ホタテ漁,水産,3億円,2400万円,8%,北海道,北海道,紋別
スケトウダラ漁,水産,2億円,1000万円,5%,北海道,北海道,紋別
毛ガニ漁,水産,8億円,3200万円,4%,北海道,北海道,紋別
流氷ガリガリ号,観光,10億円,2000万円,2%,北海道,北海道,紋別
トウモロコシ畑,農林,10億円,8000万円,8%,北海道,北海道,芽室
トウモロコシ畑,農林,10億円,8000万円,8%,北海道,北海道,芽室
トウモロコシ畑,農林,10億円,8000万円,8%,北海道,北海道,芽室
枝豆畑,農林,3億円,1500万円,5%,北海道,北海道,芽室
枝豆畑,農林,3億円,1500万円,5%,北海道,北海道,芽室
マグロ漁,水産,8億円,5600万円,7%,北海道,北海道,余市
マグロ漁,水産,8億円,5600万円,7%,北海道,北海道,余市
リンゴ園,農林,1億円,400万円,4%,北海道,北海道,余市
リンゴ園,農林,1億円,400万円,4%,北海道,北海道,余市
リンゴ園,農林,1億円,400万円,4%,北海道,北海道,余市
リンゴ園,農林,1億円,400万円,4%,北海道,北海道,余市
宇宙博物館,観光,5億円,2000万円,4%,北海道,北海道,余市
ウィスキー工場,食品,80億円,3億2000万円,4%,北海道,北海道,余市
ホエー豚農場,農林,3億円,2100万円,7%,北海道,北海道,中札内
ホエー豚農場,農林,3億円,2100万円,7%,北海道,北海道,中札内
生キャラメル工場,食品,1億円,500万円,5%,北海道,北海道,中札内
チーズ工房,食品,2億円,800万円,4%,北海道,北海道,中札内
チーズ工房,食品,2億円,800万円,4%,北海道,北海道,中札内
オーロラハウス,観光,3000万円,150万円,5%,北海道,北海道,陸別
オーロラハウス,観光,3000万円,150万円,5%,北海道,北海道,陸別
天文台,観光,10億円,1000万円,1%,北海道,北海道,陸別
乳牛牧場,農林,3億円,1500万円,5%,北海道,北海道,足寄
乳牛牧場,農林,3億円,1500万円,5%,北海道,北海道,足寄
化石博物館,観光,5億円,500万円,1%,北海道,北海道,足寄
カズノコ工場,水産,10億円,4000万円,4%,北海道,北海道,留萌
カズノコ工場,水産,10億円,4000万円,4%,北海道,北海道,留萌
ボタンエビ漁,水産,5億円,1000万円,2%,北海道,北海道,留萌
ボタンエビ漁,水産,5億円,1000万円,2%,北海道,北海道,留萌
ボタンエビ漁,水産,5億円,1000万円,2%,北海道,北海道,留萌
越冬キャベツ畑,農林,4億円,1600万円,4%,北海道,北海道,和寒
越冬キャベツ畑,農林,4億円,1600万円,4%,北海道,北海道,和寒
カボチャ畑,農林,3億円,900万円,3%,北海道,北海道,和寒
カボチャ畑,農林,3億円,900万円,3%,北海道,北海道,和寒
カボチャ畑,農林,3億円,900万円,3%,北海道,北海道,和寒
ボタンエビ漁,水産,8億円,3200万円,4%,北海道,北海道,増毛
ボタンエビ漁,水産,8億円,3200万円,4%,北海道,北海道,増毛
ボタンエビ漁,水産,8億円,3200万円,4%,北海道,北海道,増毛
北海ミズダコ漁,水産,4億円,800万円,2%,北海道,北海道,増毛
北海ミズダコ漁,水産,4億円,800万円,2%,北海道,北海道,増毛
乳牛牧場,農林,4億円,1600万円,4%,北海道,北海道,中標津
乳牛牧場,農林,4億円,1600万円,4%,北海道,北海道,中標津
乳牛牧場,農林,4億円,1600万円,4%,北海道,北海道,中標津
乳牛牧場,農林,4億円,1600万円,4%,北海道,北海道,中標津
乳牛牧場,農林,4億円,1600万円,4%,北海道,北海道,中標津
日本旅館,観光,5億円,1000万円,2%,北海道,北海道,定山渓
日本旅館,観光,5億円,1000万円,2%,北海道,北海道,定山渓
リゾートホテル,観光,10億円,2000万円,2%,北海道,北海道,定山渓
リゾートホテル,観光,10億円,2000万円,2%,北海道,北海道,定山渓
リゾートホテル,観光,10億円,2000万円,2%,北海道,北海道,定山渓
登別温泉,観光,2億円,400万円,2%,北海道,北海道,登別
登別温泉,観光,2億円,400万円,2%,北海道,北海道,登別
クマ牧場,観光,1億円,100万円,1%,北海道,北海道,登別
水族館,観光,6億円,600万円,1%,北海道,北海道,登別
戦国パーク,観光,10億円,1000万円,1%,北海道,北海道,登別
揚げ鯛焼き屋,食品,1000万円,5000万円,500%,東北,青森県,五所川原
しじみラーメン屋,食品,1000万円,1000万円,100%,東北,青森県,五所川原
中華ざる屋,食品,1000万円,800万円,80%,東北,青森県,五所川原
やってまれ丼屋,食品,1000万円,500万円,50%,東北,青森県,五所川原
リンゴ園,農林,8000万円,800万円,10%,東北,青森県,五所川原
リンゴ園,農林,8000万円,800万円,10%,東北,青森県,五所川原
立ちねぷた記念館,観光,32億円,1億6000万円,5%,東北,青森県,五所川原
津軽金山焼き工房,商業,1億円,300万円,3%,東北,青森県,五所川原
まぐろ丼屋,食品,1000万円,1000万円,100%,東北,青森県,大間
まぐろ丼屋,食品,1000万円,1000万円,100%,東北,青森県,大間
まぐろ丼屋,食品,1000万円,1000万円,100%,東北,青森県,大間
マグロＴシャツ屋,観光,1000万円,500万円,50%,東北,青森県,大間
マグロ漁船団,水産,8億円,8000万円,10%,東北,青森県,大間
マグロ漁船団,水産,8億円,8000万円,10%,東北,青森県,大間
マグロ漁船団,水産,8億円,8000万円,10%,東北,青森県,大間
青森ヒバ木工所,農林,1億円,400万円,4%,東北,青森県,大間
強烈ギョーザ店,食品,1000万円,1000万円,100%,東北,青森県,青森
みそカレー牛乳麺屋,食品,1000万円,1000万円,100%,東北,青森県,青森
ゆで麺焼きそば屋,食品,1000万円,1000万円,100%,東北,青森県,青森
ゆで麺焼きそば屋,食品,1000万円,1000万円,100%,東北,青森県,青森
りんごパイ屋,食品,1000万円,800万円,80%,東北,青森県,青森
焼き干しラーメン屋,食品,1000万円,800万円,80%,東北,青森県,青森
青森県観光物産館,観光,45億円,1億3500万円,3%,東北,青森県,青森
白い美術館,観光,120億円,1億2000万円,1%,東北,青森県,青森
津軽そば屋,食品,1000万円,1000万円,100%,東北,青森県,弘前
嶽きみプリン屋,食品,8000万円,8000万円,100%,東北,青森県,弘前
ピンクいなり寿司屋,食品,1000万円,700万円,70%,東北,青森県,弘前
アップルパイ屋,食品,1000万円,500万円,50%,東北,青森県,弘前
海鮮太巻き寿司屋,食品,2億円,2000万円,10%,東北,青森県,弘前
嶽きみ畑,農林,1億円,700万円,7%,東北,青森県,弘前
嶽きみ畑,農林,1億円,700万円,7%,東北,青森県,弘前
青天のへきれき水田,農林,2億円,1400万円,7%,東北,青森県,弘前
つゆ焼きそば屋,食品,1000万円,1000万円,100%,東北,青森県,黒石
つゆ焼きそば屋,食品,1000万円,1000万円,100%,東北,青森県,黒石
黒石焼きそば屋,食品,1000万円,800万円,80%,東北,青森県,黒石
黒石焼きそば屋,食品,1000万円,800万円,80%,東北,青森県,黒石
青天のへきれき水田,農林,2億円,1400万円,7%,東北,青森県,黒石
バラ焼き屋,食品,1000万円,1000万円,100%,東北,青森県,三沢
バラ焼き屋,食品,1000万円,1000万円,100%,東北,青森県,三沢
バラ焼き屋,食品,1000万円,1000万円,100%,東北,青森県,三沢
バラ焼き屋,食品,1000万円,1000万円,100%,東北,青森県,三沢
古牧温泉旅館,観光,20億円,4000万円,2%,東北,青森県,三沢
航空博物館,観光,30億円,6000万円,2%,東北,青森県,三沢
劇団詩人記念館,観光,10億円,1000万円,1%,東北,青森県,三沢
アメリカ村の町並み,観光,50億円,5000万円,1%,東北,青森県,三沢
若生おにぎり屋,食品,1000万円,800万円,80%,東北,青森県,竜飛
若生おにぎり屋,食品,1000万円,800万円,80%,東北,青森県,竜飛
イカ料理屋,食品,1億円,400万円,4%,東北,青森県,竜飛
青函トンネル記念館,観光,10億円,1000万円,1%,東北,青森県,竜飛
津軽海峡ホテル,観光,15億円,1500万円,1%,東北,青森県,竜飛
イカずし屋,食品,1000万円,800万円,80%,東北,青森県,むつ
イカずし屋,食品,1000万円,800万円,80%,東北,青森県,むつ
海軍コロッケ屋,食品,1000万円,500万円,50%,東北,青森県,むつ
フライボール屋,食品,1000万円,500万円,50%,東北,青森県,むつ
飲むヨーグルト工場,食品,3億円,2100万円,7%,東北,青森県,むつ
若生おにぎり屋,食品,1000万円,800万円,80%,東北,青森県,金木
若生おにぎり屋,食品,1000万円,800万円,80%,東北,青森県,金木
津軽三味線スナック,食品,3000万円,1500万円,50%,東北,青森県,金木
地吹雪ツアー会社,観光,1億円,200万円,2%,東北,青森県,金木
斜陽記念館,観光,14億円,2800万円,2%,東北,青森県,金木
南部せんべい屋,食品,1000万円,800万円,80%,東北,青森県,三戸
飲むヨーグルト工場,食品,10億円,2億5000万円,25%,東北,青森県,三戸
サクランボ農園,農林,8000万円,800万円,10%,東北,青森県,三戸
サクランボ農園,農林,8000万円,800万円,10%,東北,青森県,三戸
サクランボ農園,農林,8000万円,800万円,10%,東北,青森県,三戸
菜の花ドーナツ屋,食品,1000万円,500万円,50%,東北,青森県,菜の花
菜の花畑,農林,8000万円,400万円,5%,東北,青森県,菜の花
菜の花畑,農林,8000万円,400万円,5%,東北,青森県,菜の花
菜の花畑,農林,8000万円,400万円,5%,東北,青森県,菜の花
菜の花畑,農林,8000万円,400万円,5%,東北,青森県,菜の花
南部せんべい屋,食品,1000万円,500万円,50%,東北,青森県,八戸
南部せんべい屋,食品,1000万円,500万円,50%,東北,青森県,八戸
バナナサイダー工場,食品,3億円,900万円,3%,東北,青森県,八戸
みろく横丁,食品,8億円,2400万円,3%,東北,青森県,八戸
駅前観光物産館,商業,10億円,2000万円,2%,東北,青森県,八戸
にんにく畑,農林,8000万円,800万円,10%,東北,青森県,田子
にんにく畑,農林,8000万円,800万円,10%,東北,青森県,田子
にんにく畑,農林,8000万円,800万円,10%,東北,青森県,田子
にんにく畑,農林,8000万円,800万円,10%,東北,青森県,田子
にんにく畑,農林,8000万円,800万円,10%,東北,青森県,田子
ウニ丼屋,食品,5000万円,5000万円,100%,東北,岩手県,久慈
まめぶ汁屋,食品,1000万円,800万円,80%,東北,岩手県,久慈
まめぶ汁屋,食品,1000万円,800万円,80%,東北,岩手県,久慈
ナポリタン屋,食品,1000万円,500万円,50%,東北,岩手県,久慈
琥珀採掘場,工業,5000万円,250万円,5%,東北,岩手県,久慈
コッペパン屋,食品,1000万円,800万円,80%,東北,岩手県,盛岡
わんこそば屋,食品,1000万円,800万円,80%,東北,岩手県,盛岡
わんこそば屋,食品,1000万円,800万円,80%,東北,岩手県,盛岡
わんこそば屋,食品,1000万円,800万円,80%,東北,岩手県,盛岡
じゃじゃ麺屋,食品,1000万円,700万円,70%,東北,岩手県,盛岡
南部せんべい屋,食品,1000万円,250万円,25%,東北,岩手県,盛岡
盛岡冷麺屋,食品,1億円,200万円,2%,東北,岩手県,盛岡
ウニ丼屋,食品,1000万円,800万円,80%,東北,岩手県,大船渡
ウニ丼屋,食品,1000万円,800万円,80%,東北,岩手県,大船渡
さんまラーメン屋,食品,1000万円,500万円,50%,東北,岩手県,大船渡
アワビ漁,水産,1億円,400万円,4%,東北,岩手県,大船渡
アワビ漁,水産,1億円,400万円,4%,東北,岩手県,大船渡
わんこそば屋,食品,1000万円,700万円,70%,東北,岩手県,花巻
わんこそば屋,食品,1000万円,700万円,70%,東北,岩手県,花巻
宮沢賢治グッズ屋,観光,1億円,2000万円,20%,東北,岩手県,花巻
ほろほろ鳥農場,農林,3億円,300万円,1%,東北,岩手県,花巻
花巻温泉郷,観光,20億円,2000万円,1%,東北,岩手県,花巻
河童伝説グッズ屋,観光,1000万円,500万円,50%,東北,岩手県,遠野
遠野物語グッズ屋,観光,1000万円,500万円,50%,東北,岩手県,遠野
ひっつみ料理屋,食品,1000万円,500万円,50%,東北,岩手県,遠野
ジンギスカン鍋屋,食品,1億円,300万円,3%,東北,岩手県,遠野
ジンギスカン鍋屋,食品,1億円,300万円,3%,東北,岩手県,遠野
渦巻かりんとう屋,食品,1000万円,500万円,50%,東北,岩手県,釜石
釜石ラーメン屋,食品,1000万円,500万円,50%,東北,岩手県,釜石
海鮮漬け屋,食品,3億円,3600万円,12%,東北,岩手県,釜石
鉄の記念館,観光,20億円,2000万円,1%,東北,岩手県,釜石
製鉄工場,工業,4000億円,40億円,1%,東北,岩手県,釜石
藤原三代グッズ屋,観光,3000万円,1500万円,50%,東北,岩手県,平泉
前沢牛料理屋,食品,8億円,3200万円,4%,東北,岩手県,平泉
前沢牛料理屋,食品,8億円,3200万円,4%,東北,岩手県,平泉
中尊寺グッズ屋,観光,1億円,200万円,2%,東北,岩手県,平泉
秀衡塗り工房,商業,4億円,800万円,2%,東北,岩手県,平泉
女川海鮮丼,食品,1000万円,1000万円,100%,東北,宮城県,女川
笹かまぼこ屋,食品,1000万円,1000万円,100%,東北,宮城県,女川
笹かまぼこ屋,食品,1000万円,1000万円,100%,東北,宮城県,女川
サンマ漁船団,水産,10億円,2000万円,2%,東北,宮城県,女川
サンマ漁船団,水産,10億円,2000万円,2%,東北,宮城県,女川
ずんだ餅屋,食品,1000万円,1000万円,100%,東北,宮城県,仙台
仙台駄菓子屋,食品,5000万円,2500万円,50%,東北,宮城県,仙台
仙台牛屋,食品,4億円,2800万円,7%,東北,宮城県,仙台
牛たん屋,食品,1億円,500万円,5%,東北,宮城県,仙台
プロ野球チーム,観光,70億円,1億4000万円,2%,東北,宮城県,仙台
ＬＥＤ会社,商業,420億円,8億4000万円,2%,東北,宮城県,仙台
石油工場,工業,60億円,6000万円,1%,東北,宮城県,仙台
牡蠣丼,食品,1000万円,1000万円,100%,東北,宮城県,松島
牡蠣丼,食品,1000万円,1000万円,100%,東北,宮城県,松島
牡蠣バーガー,食品,1000万円,800万円,80%,東北,宮城県,松島
牡蠣バーガー,食品,1000万円,800万円,80%,東北,宮城県,松島
島巡り遊覧船,観光,1000万円,500万円,50%,東北,宮城県,松島
ふかひれラーメン屋,食品,1000万円,800万円,80%,東北,宮城県,気仙沼
ふかひれラーメン屋,食品,1000万円,800万円,80%,東北,宮城県,気仙沼
ハモニカ飯弁当,食品,1000万円,500万円,50%,東北,宮城県,気仙沼
ふかひれ姿煮屋,食品,2億円,400万円,2%,東北,宮城県,気仙沼
ふかひれ姿煮屋,食品,2億円,400万円,2%,東北,宮城県,気仙沼
ゆりあげ赤貝屋,食品,1000万円,800万円,80%,東北,宮城県,名取
ゆりあげ赤貝屋,食品,1000万円,800万円,80%,東北,宮城県,名取
ミガキイチゴ農園,農林,1億円,800万円,8%,東北,宮城県,名取
ミガキイチゴ農園,農林,1億円,800万円,8%,東北,宮城県,名取
ミガキイチゴ農園,農林,1億円,800万円,8%,東北,宮城県,名取
カーネーション園,農林,5000万円,250万円,5%,東北,宮城県,名取
カーネーション園,農林,5000万円,250万円,5%,東北,宮城県,名取
カーネーション園,農林,5000万円,250万円,5%,東北,宮城県,名取
尿前の関グッズ屋,観光,1000万円,500万円,50%,東北,宮城県,鳴子
栗だんご屋,食品,1000万円,250万円,25%,東北,宮城県,鳴子
鳴子こけし工房,商業,1億円,500万円,5%,東北,宮城県,鳴子
鳴子こけし工房,商業,1億円,500万円,5%,東北,宮城県,鳴子
鳴子温泉卿,観光,100億円,1億円,1%,東北,宮城県,鳴子
中華麺焼きそば屋,食品,1000万円,500万円,50%,東北,宮城県,石巻
中華麺焼きそば屋,食品,1000万円,500万円,50%,東北,宮城県,石巻
笹かまぼこ屋,食品,1000万円,500万円,50%,東北,宮城県,石巻
イワシ漁船団,水産,6億円,1800万円,3%,東北,宮城県,石巻
漫画ランド,観光,19億円,1900万円,1%,東北,宮城県,石巻
ひとめぼれ水田,農林,5000万円,500万円,10%,東北,宮城県,登米
ひとめぼれ水田,農林,5000万円,500万円,10%,東北,宮城県,登米
カレー工場,食品,20億円,6000万円,3%,東北,宮城県,登米
電子マネー工場,工業,7000億円,140億円,2%,東北,宮城県,登米
明治ロマンの町並み,観光,60億円,6000万円,1%,東北,宮城県,登米
ばばへらアイス屋,食品,100万円,100万円,100%,東北,秋田県,秋田
いなにわうどん屋,食品,1000万円,700万円,70%,東北,秋田県,秋田
いなにわうどん屋,食品,1000万円,700万円,70%,東北,秋田県,秋田
しょっつる鍋屋,食品,3000万円,1500万円,50%,東北,秋田県,秋田
きりたんぽ鍋屋,食品,5000万円,2500万円,50%,東北,秋田県,秋田
いぶりがっこ屋,食品,1000万円,250万円,25%,東北,秋田県,秋田
アキタコマチ水田,農林,5000万円,250万円,5%,東北,秋田県,秋田
アキタコマチ水田,農林,5000万円,250万円,5%,東北,秋田県,秋田
横手焼きそば屋,食品,1000万円,800万円,80%,東北,秋田県,横手
横手焼きそば屋,食品,1000万円,800万円,80%,東北,秋田県,横手
横手焼きそば屋,食品,1000万円,800万円,80%,東北,秋田県,横手
豆腐カステラ屋,食品,1000万円,500万円,50%,東北,秋田県,横手
かまくらの町並み,観光,20億円,4000万円,2%,東北,秋田県,横手
しだれ桜グッズ屋,観光,1000万円,500万円,50%,東北,秋田県,角館
生もろこし屋,食品,1000万円,500万円,50%,東北,秋田県,角館
樺細工工房,商業,1億円,100万円,1%,東北,秋田県,角館
樺細工工房,商業,1億円,100万円,1%,東北,秋田県,角館
武家屋敷群,観光,20億円,2000万円,1%,東北,秋田県,角館
弁慶めし屋,食品,1000万円,800万円,80%,東北,山形県,酒田
ワンタンメン屋,食品,1000万円,800万円,80%,東北,山形県,酒田
庄内柿園,農林,5000万円,400万円,8%,東北,山形県,酒田
庄内柿園,農林,5000万円,400万円,8%,東北,山形県,酒田
苅屋梨園,農林,5000万円,250万円,5%,東北,山形県,酒田
舟入り米倉庫群,観光,100億円,4億円,4%,東北,山形県,酒田
写真家記念館,観光,20億円,2000万円,1%,東北,山形県,酒田
しそ巻き屋,食品,1000万円,800万円,80%,東北,山形県,鶴岡
からからせんべい屋,食品,1000万円,250万円,25%,東北,山形県,鶴岡
だだちゃ豆畑,農林,8000万円,800万円,10%,東北,山形県,鶴岡
だだちゃ豆畑,農林,8000万円,800万円,10%,東北,山形県,鶴岡
つや姫水田,農林,1億円,1000万円,10%,東北,山形県,鶴岡
つや姫水田,農林,1億円,1000万円,10%,東北,山形県,鶴岡
つや姫水田,農林,1億円,1000万円,10%,東北,山形県,鶴岡
加茂クラゲ水族館,観光,30億円,9000万円,3%,東北,山形県,鶴岡
冷やしラーメン屋,食品,1000万円,800万円,80%,東北,山形県,山形
サクランボ農園,農林,5000万円,250万円,5%,東北,山形県,山形
サクランボ農園,農林,5000万円,250万円,5%,東北,山形県,山形
ラ・フランス園,農林,8000万円,400万円,5%,東北,山形県,山形
イモ煮屋,食品,1億円,400万円,4%,東北,山形県,山形
イモ煮屋,食品,1億円,400万円,4%,東北,山形県,山形
でんすけ豆工場,食品,4億円,800万円,2%,東北,山形県,山形
そんぴんラーメン屋,食品,1000万円,500万円,50%,東北,山形県,米沢
上杉鷹山グッズ屋,観光,3000万円,1500万円,50%,東北,山形県,米沢
紅花畑,農林,8000万円,400万円,5%,東北,山形県,米沢
紅花畑,農林,8000万円,400万円,5%,東北,山形県,米沢
米沢牛屋,食品,4億円,1600万円,4%,東北,山形県,米沢
サクランボ農園,農林,1億円,700万円,7%,東北,山形県,天童
ラ・フランス園,農林,1億円,700万円,7%,東北,山形県,天童
ラ・フランス園,農林,1億円,700万円,7%,東北,山形県,天童
将棋の駒工場,商業,2億円,200万円,1%,東北,山形県,天童
将棋の駒工場,商業,2億円,200万円,1%,東北,山形県,天童
クリームボックス屋,食品,1000万円,1000万円,100%,東北,福島県,郡山
クリームボックス屋,食品,1000万円,1000万円,100%,東北,福島県,郡山
薄皮まんじゅう屋,食品,1000万円,800万円,80%,東北,福島県,郡山
薄皮まんじゅう屋,食品,1000万円,800万円,80%,東北,福島県,郡山
ミルク餡和菓子屋,食品,1000万円,800万円,80%,東北,福島県,郡山
牛乳クランチ屋,食品,1000万円,500万円,50%,東北,福島県,郡山
牛乳クランチ屋,食品,1000万円,500万円,50%,東北,福島県,郡山
リチウム電池工場,工業,40億円,4000万円,1%,東北,福島県,郡山
ソースかつ丼屋,食品,1000万円,800万円,80%,東北,福島県,会津若松
ソースかつ丼屋,食品,1000万円,800万円,80%,東北,福島県,会津若松
ソースかつ丼屋,食品,1000万円,800万円,80%,東北,福島県,会津若松
白虎隊グッズ屋,観光,1000万円,500万円,50%,東北,福島県,会津若松
赤べこ屋,観光,1億円,100万円,1%,東北,福島県,会津若松
赤べこ屋,観光,1億円,100万円,1%,東北,福島県,会津若松
会津漆器工房,商業,5億円,500万円,1%,東北,福島県,会津若松
会津漆器工房,商業,5億円,500万円,1%,東北,福島県,会津若松
喜多方ラーメン屋,食品,1000万円,700万円,70%,東北,福島県,喜多方
喜多方ラーメン屋,食品,1000万円,700万円,70%,東北,福島県,喜多方
喜多方ラーメン屋,食品,1000万円,700万円,70%,東北,福島県,喜多方
喜多方ラーメン屋,食品,1000万円,700万円,70%,東北,福島県,喜多方
喜多方ラーメン屋,食品,1000万円,700万円,70%,東北,福島県,喜多方
メヒカリ料理屋,食品,1000万円,500万円,50%,東北,福島県,いわき
メヒカリ料理屋,食品,1000万円,500万円,50%,東北,福島県,いわき
流し台工場,工業,100億円,2億円,2%,東北,福島県,いわき
化学工場,工業,40億円,4000万円,1%,東北,福島県,いわき
ハワイアンセンター,観光,80億円,8000万円,1%,東北,福島県,いわき
桃園,農林,5000万円,400万円,8%,東北,福島県,福島
桃園,農林,5000万円,400万円,8%,東北,福島県,福島
桃園,農林,5000万円,400万円,8%,東北,福島県,福島
キュウリ畑,農林,5000万円,250万円,5%,東北,福島県,福島
あんぽ柿園,農林,5000万円,250万円,5%,東北,福島県,福島
あんぽ柿園,農林,5000万円,250万円,5%,東北,福島県,福島
ガラス繊維工場,工業,200億円,2億円,1%,東北,福島県,福島
干しいも屋,食品,1000万円,500万円,50%,関東,茨城県,ひたちなか
納豆カツ屋,食品,1000万円,500万円,50%,関東,茨城県,ひたちなか
ネモフィラの丘,観光,10億円,1億円,10%,関東,茨城県,ひたちなか
あんこう鍋屋,食品,1億円,400万円,4%,関東,茨城県,ひたちなか
半導体工場,工業,25億円,7500万円,3%,関東,茨城県,ひたちなか
エレベーター工場,工業,31億円,9300万円,3%,関東,茨城県,ひたちなか
総合電機メーカー,工業,82億円,2億4600万円,3%,関東,茨城県,ひたちなか
魚市場,水産,14億円,2800万円,2%,関東,茨城県,ひたちなか
笠間そば屋,食品,1000万円,500万円,50%,関東,茨城県,笠間
栗林,農林,8000万円,800万円,10%,関東,茨城県,笠間
栗林,農林,8000万円,800万円,10%,関東,茨城県,笠間
笠間焼き工房,商業,1億円,100万円,1%,関東,茨城県,笠間
笠間焼き工房,商業,1億円,100万円,1%,関東,茨城県,笠間
けんちんそば,食品,1000万円,500万円,50%,関東,茨城県,水戸
水戸光圀グッズ屋,観光,3000万円,1500万円,50%,関東,茨城県,水戸
のし梅屋,食品,1000万円,250万円,25%,関東,茨城県,水戸
アンコウ鍋屋,食品,1億円,200万円,2%,関東,茨城県,水戸
納豆工場,食品,2億円,400万円,2%,関東,茨城県,水戸
納豆工場,食品,2億円,400万円,2%,関東,茨城県,水戸
紅梅公園,観光,100億円,1億円,1%,関東,茨城県,水戸
家電量販店,商業,130億円,1億3000万円,1%,関東,茨城県,水戸
レンコンどらやき屋,食品,1000万円,500万円,50%,関東,茨城県,土浦
レンコンラーメン屋,食品,1000万円,250万円,25%,関東,茨城県,土浦
レンコン畑,農林,1億円,100万円,1%,関東,茨城県,土浦
レンコン畑,農林,1億円,100万円,1%,関東,茨城県,土浦
レンコン畑,農林,1億円,100万円,1%,関東,茨城県,土浦
あんこう鍋屋,食品,8000万円,800万円,10%,関東,茨城県,北茨城
あんこう鍋屋,食品,8000万円,800万円,10%,関東,茨城県,北茨城
あんこう鍋屋,食品,8000万円,800万円,10%,関東,茨城県,北茨城
思索の六角堂,観光,1億円,300万円,3%,関東,茨城県,北茨城
五浦温泉,観光,10億円,3000万円,3%,関東,茨城県,北茨城
じゃが芋焼きそば屋,食品,1000万円,800万円,80%,関東,栃木県,栃木
じゃが芋焼きそば屋,食品,1000万円,800万円,80%,関東,栃木県,栃木
スカイベリー園,農林,5億円,4000万円,8%,関東,栃木県,栃木
スカイベリー園,農林,5億円,4000万円,8%,関東,栃木県,栃木
とちおとめイチゴ園,農林,3億円,1200万円,4%,関東,栃木県,栃木
とちおとめイチゴ園,農林,3億円,1200万円,4%,関東,栃木県,栃木
かんぴょう畑,農林,1億円,300万円,3%,関東,栃木県,栃木
小江戸の町並み,観光,50億円,1億5000万円,3%,関東,栃木県,栃木
釜めし屋,食品,1000万円,700万円,70%,関東,栃木県,那須
とちおとめ園,農林,5000万円,400万円,8%,関東,栃木県,那須
とちおとめ園,農林,5000万円,400万円,8%,関東,栃木県,那須
スカイベリー園,農林,5億円,4000万円,8%,関東,栃木県,那須
エリンギ栽培,農林,5000万円,250万円,5%,関東,栃木県,那須
観光牧場,観光,5億円,1000万円,2%,関東,栃木県,那須
別荘現地販売所,商業,1億円,100万円,1%,関東,栃木県,那須
乳牛牧場,農林,4億円,400万円,1%,関東,栃木県,那須
ギョーザ屋,食品,1000万円,500万円,50%,関東,栃木県,宇都宮
ギョーザ屋,食品,1000万円,500万円,50%,関東,栃木県,宇都宮
ギョーザ屋,食品,1000万円,500万円,50%,関東,栃木県,宇都宮
ギョーザ屋,食品,1000万円,500万円,50%,関東,栃木県,宇都宮
ギョーザ屋,食品,1000万円,500万円,50%,関東,栃木県,宇都宮
かんぴょう畑,農林,5000万円,250万円,5%,関東,栃木県,宇都宮
かんぴょう畑,農林,5000万円,250万円,5%,関東,栃木県,宇都宮
かんぴょう畑,農林,5000万円,250万円,5%,関東,栃木県,宇都宮
みそパン屋,食品,1000万円,1000万円,100%,関東,群馬県,沼田
みそパン屋,食品,1000万円,1000万円,100%,関東,群馬県,沼田
みそパン屋,食品,1000万円,1000万円,100%,関東,群馬県,沼田
だんご汁屋,食品,1000万円,800万円,80%,関東,群馬県,沼田
バウムクーヘン屋,食品,1億円,300万円,3%,関東,群馬県,沼田
鳥めし弁当屋,食品,1000万円,800万円,80%,関東,群馬県,高崎
焼きまんじゅう屋,食品,1000万円,800万円,80%,関東,群馬県,高崎
焼きまんじゅう屋,食品,1000万円,800万円,80%,関東,群馬県,高崎
オランダコロッケ屋,食品,3000万円,2400万円,80%,関東,群馬県,高崎
パスタ屋,食品,1億円,200万円,2%,関東,群馬県,高崎
パスタ屋,食品,1億円,200万円,2%,関東,群馬県,高崎
ビジネスホテル,観光,8億円,1600万円,2%,関東,群馬県,高崎
ホッチキス工場,工業,130億円,1億3000万円,1%,関東,群馬県,高崎
イチゴもんじゃ屋,食品,1000万円,800万円,80%,関東,群馬県,前橋
イチゴもんじゃ屋,食品,1000万円,800万円,80%,関東,群馬県,前橋
おっきりこみ屋,食品,1000万円,500万円,50%,関東,群馬県,前橋
即席めん工場,食品,5億円,5000万円,10%,関東,群馬県,前橋
家電量販店,商業,650億円,13億円,2%,関東,群馬県,前橋
子供洋食屋,食品,1000万円,800万円,80%,関東,群馬県,桐生
桐生うどん屋,食品,1000万円,500万円,50%,関東,群馬県,桐生
桐生うどん屋,食品,1000万円,500万円,50%,関東,群馬県,桐生
ひもかわうどん屋,食品,1000万円,500万円,50%,関東,群馬県,桐生
ひもかわうどん屋,食品,1000万円,500万円,50%,関東,群馬県,桐生
二輪モーター屋,工業,20億円,6000万円,3%,関東,群馬県,桐生
パチンコ機器工場,工業,50億円,5000万円,1%,関東,群馬県,桐生
舞茸うどん屋,食品,1000万円,500万円,50%,関東,群馬県,草津
高原キャベツ畑,農林,1億円,300万円,3%,関東,群馬県,草津
スキー場,観光,100億円,3億円,3%,関東,群馬県,草津
温泉旅館,観光,4億円,800万円,2%,関東,群馬県,草津
湯畑の町並み,観光,50億円,1億円,2%,関東,群馬県,草津
いなり寿司屋,食品,1000万円,1000万円,100%,関東,埼玉県,熊谷
五家宝屋,食品,1000万円,800万円,80%,関東,埼玉県,熊谷
五家宝屋,食品,1000万円,800万円,80%,関東,埼玉県,熊谷
磁石工場,工業,25億円,7500万円,3%,関東,埼玉県,熊谷
セメント工場,工業,860億円,25億8000万円,3%,関東,埼玉県,熊谷
豚の味噌煮込み屋,食品,1000万円,1000万円,100%,関東,埼玉県,秩父
みそポテト屋,食品,1000万円,500万円,50%,関東,埼玉県,秩父
くるみ味噌焼き鳥屋,食品,1000万円,500万円,50%,関東,埼玉県,秩父
ワイン工場,食品,5億円,1500万円,3%,関東,埼玉県,秩父
セメント工場,工業,300億円,9億円,3%,関東,埼玉県,秩父
煮ぼうとう屋,食品,1000万円,500万円,50%,関東,埼玉県,深谷
煮ぼうとう屋,食品,1000万円,500万円,50%,関東,埼玉県,深谷
アイス工場,食品,10億円,2億円,20%,関東,埼玉県,深谷
トウモロコシ畑,農林,1億円,1000万円,10%,関東,埼玉県,深谷
トウモロコシ畑,農林,1億円,1000万円,10%,関東,埼玉県,深谷
トウモロコシ畑,農林,1億円,1000万円,10%,関東,埼玉県,深谷
深谷ネギ畑,農林,8000万円,640万円,8%,関東,埼玉県,深谷
深谷ネギ畑,農林,8000万円,640万円,8%,関東,埼玉県,深谷
草加せんべい屋,食品,1000万円,500万円,50%,関東,埼玉県,さいたま
草加せんべい屋,食品,1000万円,500万円,50%,関東,埼玉県,さいたま
鉄道記念館,観光,100億円,2億円,2%,関東,埼玉県,さいたま
サッカースタジアム,観光,200億円,2億円,1%,関東,埼玉県,さいたま
多目的アリーナ,観光,400億円,4億円,1%,関東,埼玉県,さいたま
ピーナッツソフト屋,食品,1000万円,2000万円,200%,関東,千葉県,館山
ピーナッツソフト屋,食品,1000万円,2000万円,200%,関東,千葉県,館山
くじら弁当屋,食品,1000万円,1000万円,100%,関東,千葉県,館山
さんが焼き屋,食品,1000万円,500万円,50%,関東,千葉県,館山
びわ畑,農林,8000万円,400万円,5%,関東,千葉県,館山
びわ畑,農林,8000万円,400万円,5%,関東,千葉県,館山
リゾートホテル,観光,80億円,8000万円,1%,関東,千葉県,館山
ゴルフ場,観光,100億円,1億円,1%,関東,千葉県,館山
ばしっしーグッズ屋,商業,1000万円,1000万円,100%,関東,千葉県,船橋
ソースラーメン屋,食品,1000万円,500万円,50%,関東,千葉県,船橋
ソースラーメン屋,食品,1000万円,500万円,50%,関東,千葉県,船橋
ソースラーメン屋,食品,1000万円,500万円,50%,関東,千葉県,船橋
競馬場,観光,29億円,8700万円,3%,関東,千葉県,船橋
ベイホテル,観光,10億円,2000万円,2%,関東,千葉県,船橋
ビール園,食品,100億円,2億円,2%,関東,千葉県,船橋
ショッピングモール,商業,366億円,7億3200万円,2%,関東,千葉県,船橋
ぬれせんべい屋,食品,1000万円,1000万円,100%,関東,千葉県,銚子
ぬれせんべい屋,食品,1000万円,1000万円,100%,関東,千葉県,銚子
漁師のプリン屋,食品,3000万円,1500万円,50%,関東,千葉県,銚子
魚市場,水産,4億円,400万円,1%,関東,千葉県,銚子
サンマ漁船団,水産,9億円,900万円,1%,関東,千葉県,銚子
醤油工場,食品,10億円,1000万円,1%,関東,千葉県,銚子
醤油工場,食品,10億円,1000万円,1%,関東,千葉県,銚子
ピーナッツもなか屋,食品,1000万円,800万円,80%,関東,千葉県,佐原
ピーナッツもなか屋,食品,1000万円,800万円,80%,関東,千葉県,佐原
ピーナッツもなか屋,食品,1000万円,800万円,80%,関東,千葉県,佐原
伊能忠敬グッズ屋,観光,3000万円,1500万円,50%,関東,千葉県,佐原
伊能忠敬博物館,観光,10億円,1000万円,1%,関東,千葉県,佐原
サーフィンショップ,商業,3000万円,1500万円,50%,関東,千葉県,鴨川
サーフィンショップ,商業,3000万円,1500万円,50%,関東,千葉県,鴨川
サーフィンショップ,商業,3000万円,1500万円,50%,関東,千葉県,鴨川
黄金風呂ホテル,観光,20億円,2000万円,1%,関東,千葉県,鴨川
鴨川シャチワールド,観光,40億円,4000万円,1%,関東,千葉県,鴨川
落花生畑,農林,1億円,700万円,7%,関東,千葉県,千葉
棚卸し専門店,商業,6億円,3000万円,5%,関東,千葉県,千葉
美術館,観光,8億円,4000万円,5%,関東,千葉県,千葉
製鉄所,工業,200億円,2億円,1%,関東,千葉県,千葉
製鉄所,工業,200億円,2億円,1%,関東,千葉県,千葉
製鉄所,工業,200億円,2億円,1%,関東,千葉県,千葉
コンビナート,工業,400億円,4億円,1%,関東,千葉県,千葉
火力発電所,工業,800億円,8億円,1%,関東,千葉県,千葉
スタートトゥモロウ,商業,8000億円,400億円,5%,関東,千葉県,幕張
東京ネズミーランド,観光,5500億円,220億円,4%,関東,千葉県,幕張
イベント会場,商業,40億円,1億2000万円,3%,関東,千葉県,幕張
イベント会場,商業,40億円,1億2000万円,3%,関東,千葉県,幕張
東京ネズミーシー,観光,8000億円,240億円,3%,関東,千葉県,幕張
プロ野球チーム,観光,30億円,6000万円,2%,関東,千葉県,幕張
ホテル,観光,80億円,8000万円,1%,関東,千葉県,幕張
ホテル,観光,80億円,8000万円,1%,関東,千葉県,幕張
ひれかつ卵サンド屋,食品,1000万円,3000万円,300%,関東,東京都,東京
エキナカ商業施設,商業,40億円,1億2000万円,3%,関東,東京都,東京
証券会社,商業,50億円,1億円,2%,関東,東京都,東京
証券会社,商業,50億円,1億円,2%,関東,東京都,東京
超丸デパート,商業,1000億円,20億円,2%,関東,東京都,東京
深夜高速バス会社,観光,200億円,2億円,1%,関東,東京都,東京
まるまるビル,商業,800億円,8億円,1%,関東,東京都,東京
小倉アイス屋,食品,1億円,2億円,200%,関東,東京都,上野
ドラ焼き屋,食品,1億円,8000万円,80%,関東,東京都,上野
とんかつ屋,食品,3億円,3000万円,10%,関東,東京都,上野
動物園,観光,80億円,1億6000万円,2%,関東,東京都,上野
デパート,商業,60億円,6000万円,1%,関東,東京都,上野
美術館,観光,100億円,1億円,1%,関東,東京都,上野
美術館,観光,100億円,1億円,1%,関東,東京都,上野
博物館,観光,200億円,2億円,1%,関東,東京都,上野
タピオカティー屋,食品,1億円,1億円,100%,関東,東京都,原宿
タピオカティー屋,食品,1億円,1億円,100%,関東,東京都,原宿
パンケーキ屋,食品,2億円,2億円,100%,関東,東京都,原宿
高級ブランド店,商業,10億円,4000万円,4%,関東,東京都,原宿
探偵会社,商業,20億円,4000万円,2%,関東,東京都,原宿
駅前家具屋,商業,30億円,6000万円,2%,関東,東京都,原宿
美容室,商業,4億円,400万円,1%,関東,東京都,原宿
表参道ヨルズ,商業,1000億円,10億円,1%,関東,東京都,原宿
携帯ショップ,商業,3000万円,3000万円,100%,関東,東京都,渋谷
携帯ショップ,商業,3000万円,3000万円,100%,関東,東京都,渋谷
ＩＴ企業,工業,100億円,7億円,7%,関東,東京都,渋谷
ＩＴ企業,工業,100億円,7億円,7%,関東,東京都,渋谷
ファッションタワー,商業,10億円,3000万円,3%,関東,東京都,渋谷
東京ハンズ,商業,60億円,1億2000万円,2%,関東,東京都,渋谷
デパート,商業,150億円,1億5000万円,1%,関東,東京都,渋谷
キャラメル屋,食品,1000万円,800万円,80%,関東,東京都,千駄ヶ谷
カレーライス屋,食品,1000万円,800万円,80%,関東,東京都,千駄ヶ谷
パンケーキ屋,食品,1000万円,500万円,50%,関東,東京都,千駄ヶ谷
パンケーキ屋,食品,1000万円,500万円,50%,関東,東京都,千駄ヶ谷
新国立競技場,観光,1490億円,149億円,10%,関東,東京都,千駄ヶ谷
将棋館,観光,3億円,1500万円,5%,関東,東京都,千駄ヶ谷
プロ野球チーム,観光,80億円,2億4000万円,3%,関東,東京都,千駄ヶ谷
ラグビー場,観光,700億円,14億円,2%,関東,東京都,千駄ヶ谷
雷おこし屋,食品,5000万円,2500万円,50%,関東,東京都,浅草
人形焼き屋,食品,6000万円,3000万円,50%,関東,東京都,浅草
東京セカイツリー,観光,6340億円,634億円,10%,関東,東京都,浅草
イモようかん屋,食品,3億円,1200万円,4%,関東,東京都,浅草
すき焼き屋,食品,4億円,1600万円,4%,関東,東京都,浅草
まるごとJAPAN,観光,30億円,1億2000万円,4%,関東,東京都,浅草
お屋敷遊園地,観光,5億円,500万円,1%,関東,東京都,浅草
ハットグ屋,食品,1000万円,500万円,50%,関東,東京都,大久保
ハットグ屋,食品,1000万円,500万円,50%,関東,東京都,大久保
ハットグ屋,食品,1000万円,500万円,50%,関東,東京都,大久保
韓国料理屋,食品,1億円,100万円,1%,関東,東京都,大久保
韓国料理屋,食品,1億円,100万円,1%,関東,東京都,大久保
韓国料理屋,食品,1億円,100万円,1%,関東,東京都,大久保
韓国料理屋,食品,1億円,100万円,1%,関東,東京都,大久保
韓国料理屋,食品,1億円,100万円,1%,関東,東京都,大久保
メガ盛り丼屋,食品,1000万円,500万円,50%,関東,東京都,秋葉原
メイド喫茶,観光,1億円,400万円,4%,関東,東京都,秋葉原
メイド喫茶,観光,1億円,400万円,4%,関東,東京都,秋葉原
メイド喫茶,観光,1億円,400万円,4%,関東,東京都,秋葉原
メイド喫茶,観光,1億円,400万円,4%,関東,東京都,秋葉原
アニメグッズ屋,商業,2億円,600万円,3%,関東,東京都,秋葉原
家電量販店,商業,240億円,4億8000万円,2%,関東,東京都,秋葉原
ゲームセンター,観光,2億円,200万円,1%,関東,東京都,秋葉原
パンカツ屋,食品,1000万円,500万円,50%,関東,東京都,八王子
豆腐料亭,食品,10億円,4000万円,4%,関東,東京都,八王子
接着剤工場,工業,27億円,8100万円,3%,関東,東京都,八王子
消防自動車工場,工業,99億円,1億9800万円,2%,関東,東京都,八王子
ミシン工場,工業,113億円,1億1300万円,1%,関東,東京都,八王子
椿油屋,商業,1000万円,500万円,50%,関東,東京都,伊豆大島
椿油屋,商業,1000万円,500万円,50%,関東,東京都,伊豆大島
牛乳せんべい屋,食品,1000万円,250万円,25%,関東,東京都,伊豆大島
サヤエンドウ畑,農林,1億円,300万円,3%,関東,東京都,伊豆大島
海洋深層水工場,食品,3億円,600万円,2%,関東,東京都,伊豆大島
くさや屋,食品,1000万円,500万円,50%,関東,東京都,八丈島
くさや屋,食品,1000万円,500万円,50%,関東,東京都,八丈島
明日葉畑,農林,5000万円,250万円,5%,関東,東京都,八丈島
明日葉畑,農林,5000万円,250万円,5%,関東,東京都,八丈島
フリージア園,農林,8000万円,400万円,5%,関東,東京都,八丈島
ペポちゃん菓子店,食品,1億円,1500万円,15%,関東,東京都,銀座
極上天ぷら屋,食品,3億円,3000万円,10%,関東,東京都,銀座
フルーツパーラー,食品,3億円,1200万円,4%,関東,東京都,銀座
地方アンテナ店,観光,30億円,6000万円,2%,関東,東京都,銀座
化粧品会社,商業,630億円,12億6000万円,2%,関東,東京都,銀座
おもちゃ屋,商業,10億円,1000万円,1%,関東,東京都,銀座
製紙会社,工業,1100億円,11億円,1%,関東,東京都,銀座
大型カメラ店,商業,20億円,2億円,10%,関東,東京都,新宿
大型カメラ店,商業,20億円,2億円,10%,関東,東京都,新宿
バスターミナル,商業,1580億円,79億円,5%,関東,東京都,新宿
お笑い劇場,観光,10億円,4000万円,4%,関東,東京都,新宿
呉服屋デパート,商業,501億円,20億400万円,4%,関東,東京都,新宿
フルーツパーラー,商業,80億円,2億4000万円,3%,関東,東京都,新宿
新南口駅デｌパート,商業,660億円,19億8000万円,3%,関東,東京都,新宿
密柑国書店,商業,1億円,200万円,2%,関東,東京都,新宿
接着剤メーカー,工業,9億6000万円,9600万円,10%,関東,東京都,品川
屋形船屋,観光,5000万円,250万円,5%,関東,東京都,品川
駅ビル商店街,商業,30億円,1億5000万円,5%,関東,東京都,品川
高級ホテル,観光,4000億円,120億円,3%,関東,東京都,品川
水族館,観光,20億円,4000万円,2%,関東,東京都,品川
国際ホテル,観光,40億円,8000万円,2%,関東,東京都,品川
総合電機メーカー,工業,6400億円,128億円,2%,関東,東京都,品川
ビジネスホテル,観光,40億円,4000万円,1%,関東,東京都,品川
大都会鉄道,鉄道,8兆円,4000億円,5%,関東,東京都,鉄道省
ＴＵＢＥ鉄道,鉄道,5兆円,1000億円,2%,関東,東京都,鉄道省
九州鉄道,鉄道,6兆円,1200億円,2%,関東,東京都,鉄道省
なにわ鉄道,鉄道,7兆円,1400億円,2%,関東,東京都,鉄道省
中国四国鉄道,鉄道,1兆円,100億円,1%,関東,東京都,鉄道省
みちのく鉄道,鉄道,2兆円,200億円,1%,関東,東京都,鉄道省
どさんこ鉄道,鉄道,3兆円,300億円,1%,関東,東京都,鉄道省
プロ野球チーム,観光,100億円,5億円,5%,関東,東京都,後楽園
遊園地,観光,80億円,1億6000万円,2%,関東,東京都,後楽園
スーパー温泉,観光,20億円,2000万円,1%,関東,東京都,後楽園
スポーツホール,観光,40億円,4000万円,1%,関東,東京都,後楽園
ドームスタジアム,観光,400億円,4億円,1%,関東,東京都,後楽園
老舗折詰弁当屋,食品,5億円,2000万円,4%,関東,東京都,日本橋
老舗オムライス屋,食品,1億円,300万円,3%,関東,東京都,日本橋
老舗海苔屋,食品,3億円,600万円,2%,関東,東京都,日本橋
老舗梅干し飴屋,食品,5億円,1000万円,2%,関東,東京都,日本橋
老舗デパート,商業,500億円,10億円,2%,関東,東京都,日本橋
化粧品会社,商業,48億円,4800万円,1%,関東,東京都,日本橋
磁気テープ会社,工業,330億円,3億3000万円,1%,関東,東京都,日本橋
観覧車,観光,200億円,6億円,3%,関東,東京都,お台場
江戸っ子温泉ランド,観光,60億円,1億2000万円,2%,関東,東京都,お台場
アミューズメント街,商業,10億円,1000万円,1%,関東,東京都,お台場
昭和30年代商店街,観光,20億円,2000万円,1%,関東,東京都,お台場
東京ビッグファイト,商業,400億円,4億円,1%,関東,東京都,お台場
テレビ局,商業,800億円,8億円,1%,関東,東京都,お台場
新都心交通会社,商業,1400億円,14億円,1%,関東,東京都,お台場
なつかしパン屋,食品,1000万円,2000万円,200%,関東,神奈川県,小田原
生シラスの沖漬け屋,食品,1000万円,1000万円,100%,関東,神奈川県,小田原
老舗おはぎ屋,食品,1000万円,1000万円,100%,関東,神奈川県,小田原
かまごぼ屋,食品,1000万円,500万円,50%,関東,神奈川県,小田原
かまごぼ屋,食品,1000万円,500万円,50%,関東,神奈川県,小田原
つけ麺屋,食品,1000万円,2000万円,200%,関東,神奈川県,湯河原
寿司屋,食品,3億円,4500万円,15%,関東,神奈川県,湯河原
金目しゃぶしゃぶ屋,食品,1億円,1000万円,10%,関東,神奈川県,湯河原
焼き鳥屋,食品,2億円,2000万円,10%,関東,神奈川県,湯河原
ステーキハウス,食品,4億円,4000万円,10%,関東,神奈川県,湯河原
推理小説家記念館,観光,10億円,1億円,10%,関東,神奈川県,湯河原
温泉旅館,観光,8億円,5600万円,7%,関東,神奈川県,湯河原
スイーツ工房,食品,30億円,9000万円,3%,関東,神奈川県,湯河原
シチューパン屋,食品,1000万円,800万円,80%,関東,神奈川県,箱根
豆腐屋,食品,1000万円,800万円,80%,関東,神奈川県,箱根
温泉玉子屋,食品,1000万円,500万円,50%,関東,神奈川県,箱根
寄木細工工房,商業,1億円,400万円,4%,関東,神奈川県,箱根
温泉旅館,観光,10億円,3000万円,3%,関東,神奈川県,箱根
白磁美術館,観光,45億円,9000万円,2%,関東,神奈川県,箱根
温泉テーマパーク,観光,120億円,2億4000万円,2%,関東,神奈川県,箱根
彫刻の美術館,観光,65億円,6500万円,1%,関東,神奈川県,箱根
わらび餅屋,食品,1000万円,800万円,80%,関東,神奈川県,鎌倉
サブレー屋,食品,1000万円,500万円,50%,関東,神奈川県,鎌倉
サブレー屋,食品,1000万円,500万円,50%,関東,神奈川県,鎌倉
三浦ダイコン畑,農林,8000万円,400万円,5%,関東,神奈川県,鎌倉
三浦ダイコン畑,農林,8000万円,400万円,5%,関東,神奈川県,鎌倉
小町通り商店街,商業,80億円,1億6000万円,2%,関東,神奈川県,鎌倉
鎌倉彫り工房,商業,2億円,200万円,1%,関東,神奈川県,鎌倉
ローストビーフの店,食品,6億円,600万円,1%,関東,神奈川県,鎌倉
ポテチパン屋,食品,1000万円,800万円,80%,関東,神奈川県,横須賀
海軍カレー屋,食品,1000万円,500万円,50%,関東,神奈川県,横須賀
スカジャン洋品店,商業,3000万円,1500万円,50%,関東,神奈川県,横須賀
スカジャン洋品店,商業,3000万円,1500万円,50%,関東,神奈川県,横須賀
造船所,工業,80億円,3億2000万円,4%,関東,神奈川県,横須賀
携帯電話研究所,工業,1000億円,30億円,3%,関東,神奈川県,横須賀
ハロゲンランプ工場,工業,20億円,4000万円,2%,関東,神奈川県,横須賀
自動車工場,工業,2000億円,40億円,2%,関東,神奈川県,横須賀
サンマーメン屋,食品,1000万円,500万円,50%,関東,神奈川県,横浜
サンマーメン屋,食品,1000万円,500万円,50%,関東,神奈川県,横浜
シューマイ屋,食品,3億円,3000万円,10%,関東,神奈川県,横浜
赤レンガ倉庫街,観光,40億円,1億6000万円,4%,関東,神奈川県,横浜
サッカースタジアム,観光,200億円,8億円,4%,関東,神奈川県,横浜
鉄道模型博物館,観光,10億円,3000万円,3%,関東,神奈川県,横浜
自動車会社,工業,6000億円,180億円,3%,関東,神奈川県,横浜
ランドセルタワー,観光,2200億円,22億円,1%,関東,神奈川県,横浜
せき止め飴屋,食品,1000万円,500万円,50%,関東,神奈川県,川崎
おもちゃ量販店,商業,60億円,2億4000万円,4%,関東,神奈川県,川崎
半導体工場,工業,860億円,25億8000万円,3%,関東,神奈川県,川崎
ソフトウェア工場,工業,3300億円,99億円,3%,関東,神奈川県,川崎
サッシ工場,工業,10億円,2000万円,2%,関東,神奈川県,川崎
ラゾーナビル,商業,500億円,10億円,2%,関東,神奈川県,川崎
観光バス工場,工業,100億円,1億円,1%,関東,神奈川県,川崎
造船メーカー,工業,250億円,2億5000万円,1%,関東,神奈川県,川崎
馬肉レストラン,食品,1億円,500万円,5%,関東,神奈川県,中華街
中華飯店,食品,5億円,2500万円,5%,関東,神奈川県,中華街
中華飯店,食品,5億円,2500万円,5%,関東,神奈川県,中華街
中華飯店,食品,5億円,2500万円,5%,関東,神奈川県,中華街
プロ野球チーム,観光,80億円,4億円,5%,関東,神奈川県,中華街
たらい舟屋,観光,2000万円,1600万円,80%,中部,新潟県,佐渡
一夜干しするめ屋,食品,1000万円,500万円,50%,中部,新潟県,佐渡
隠し金山パーク,観光,8億円,6400万円,8%,中部,新潟県,佐渡
おけさ柿園,農林,5000万円,250万円,5%,中部,新潟県,佐渡
おけさ柿園,農林,5000万円,250万円,5%,中部,新潟県,佐渡
鮭の酒びたし屋,食品,1000万円,800万円,80%,中部,新潟県,村上
鮭の酒びたし屋,食品,1000万円,800万円,80%,中部,新潟県,村上
イヨボヤ博物館,観光,3億円,900万円,3%,中部,新潟県,村上
村上牛屋,食品,3億円,600万円,2%,中部,新潟県,村上
瀬波温泉郷,観光,30億円,3000万円,1%,中部,新潟県,村上
ターミナルカレー屋,食品,1000万円,800万円,80%,中部,新潟県,新潟
笹団子屋,食品,1000万円,700万円,70%,中部,新潟県,新潟
柿の種屋,食品,1000万円,700万円,70%,中部,新潟県,新潟
高級鮭料理屋,食品,4億円,800万円,2%,中部,新潟県,新潟
あられおかき工場,食品,19億円,3800万円,2%,中部,新潟県,新潟
切り餅工場,食品,6億円,600万円,1%,中部,新潟県,新潟
国際会議場,商業,80億円,8000万円,1%,中部,新潟県,新潟
サッカースタジアム,観光,300億円,3億円,1%,中部,新潟県,新潟
鱈めし屋,食品,1000万円,800万円,80%,中部,新潟県,上越
鱈めし屋,食品,1000万円,800万円,80%,中部,新潟県,上越
液晶工場,工業,30億円,6000万円,2%,中部,新潟県,上越
電子工学工場,工業,70億円,1億4000万円,2%,中部,新潟県,上越
化学工場,工業,20億円,2000万円,1%,中部,新潟県,上越
のどぐろ屋,食品,1000万円,800万円,80%,中部,新潟県,糸魚川
翡翠チョコ屋,食品,1000万円,500万円,50%,中部,新潟県,糸魚川
翡翠工場,商業,2億円,600万円,3%,中部,新潟県,糸魚川
翡翠工場,商業,2億円,600万円,3%,中部,新潟県,糸魚川
フォッサマグナ館,観光,10億円,1000万円,1%,中部,新潟県,糸魚川
栃尾の油揚げ屋,食品,1000万円,500万円,50%,中部,新潟県,長岡
コシヒカリ水田,農林,1億円,700万円,7%,中部,新潟県,長岡
コシヒカリ水田,農林,1億円,700万円,7%,中部,新潟県,長岡
コシヒカリ水田,農林,1億円,700万円,7%,中部,新潟県,長岡
洋風カツ丼,食品,1億円,500万円,5%,中部,新潟県,長岡
切り餅工場,食品,15億円,4500万円,3%,中部,新潟県,長岡
柿の種工場,食品,16億円,4800万円,3%,中部,新潟県,長岡
自動車部品工場,工業,150億円,1億5000万円,1%,中部,新潟県,長岡
天空米水田,農林,2億円,3000万円,15%,中部,新潟県,魚沼
天空米水田,農林,2億円,3000万円,15%,中部,新潟県,魚沼
コシヒカリ水田,農林,1億円,1000万円,10%,中部,新潟県,魚沼
コシヒカリ水田,農林,1億円,1000万円,10%,中部,新潟県,魚沼
コシヒカリ水田,農林,1億円,1000万円,10%,中部,新潟県,魚沼
コシヒカリ水田,農林,1億円,1000万円,10%,中部,新潟県,魚沼
コシヒカリ水田,農林,1億円,1000万円,10%,中部,新潟県,魚沼
舞茸工場,食品,16億円,1600万円,1%,中部,新潟県,魚沼
スノボゲレンデ,観光,10億円,2000万円,2%,中部,新潟県,湯沢
リゾートホテル,観光,20億円,2000万円,1%,中部,新潟県,湯沢
リゾートホテル,観光,20億円,2000万円,1%,中部,新潟県,湯沢
スキー場,観光,180億円,1億8000万円,1%,中部,新潟県,湯沢
スキー場,観光,180億円,1億8000万円,1%,中部,新潟県,湯沢
白海老バーガー,食品,1000万円,1000万円,100%,中部,富山県,射水
白海老すり身揚げ屋,食品,1000万円,800万円,80%,中部,富山県,射水
白海老ドッグ屋,食品,1000万円,500万円,50%,中部,富山県,射水
重化学工業工場,工業,10億円,3000万円,3%,中部,富山県,射水
帆船パーク,観光,8億円,800万円,1%,中部,富山県,射水
マスの寿し屋,食品,1000万円,1000万円,100%,中部,富山県,富山
ブラックラーメン屋,食品,1000万円,800万円,80%,中部,富山県,富山
ブラックラーメン屋,食品,1000万円,800万円,80%,中部,富山県,富山
呉羽梨園,農林,8000万円,800万円,10%,中部,富山県,富山
ミニ自動車工場,工業,23億円,2億3000万円,10%,中部,富山県,富山
白エビ老舗料亭,食品,4億円,1600万円,4%,中部,富山県,富山
包装ラップ工場,工業,40億円,4000万円,1%,中部,富山県,富山
コロッケ屋,食品,1000万円,800万円,80%,中部,富山県,高岡
コロッケ屋,食品,1000万円,800万円,80%,中部,富山県,高岡
コロッケカフェ,食品,1000万円,500万円,50%,中部,富山県,高岡
チューリップ園,農林,1億円,200万円,2%,中部,富山県,高岡
アルミ工場,工業,80億円,1億6000万円,2%,中部,富山県,高岡
パルプ工場,工業,188億円,3億7600万円,2%,中部,富山県,高岡
万葉歴史館,観光,1億円,100万円,1%,中部,富山県,高岡
高岡銅器工場,工業,8億円,800万円,1%,中部,富山県,高岡
氷見うどん屋,食品,1000万円,500万円,50%,中部,富山県,氷見
氷見うどん屋,食品,1000万円,500万円,50%,中部,富山県,氷見
ふくらぎ料理,食品,3000万円,1500万円,50%,中部,富山県,氷見
寒ブリ料理屋,食品,3億円,1200万円,4%,中部,富山県,氷見
寒ブリ料理屋,食品,3億円,1200万円,4%,中部,富山県,氷見
レッツカレー,食品,1000万円,1000万円,100%,中部,石川県,金沢
金沢おでん屋,食品,1000万円,800万円,80%,中部,石川県,金沢
チャンカレー,食品,1000万円,800万円,80%,中部,石川県,金沢
国道ラーメン屋,食品,1000万円,500万円,50%,中部,石川県,金沢
セブン餃子屋,食品,1000万円,500万円,50%,中部,石川県,金沢
五郎島芋畑,農林,5000万円,500万円,10%,中部,石川県,金沢
治部煮料理屋,食品,1億円,300万円,3%,中部,石川県,金沢
兼六園,観光,240億円,7億2000万円,3%,中部,石川県,金沢
甘エビの天丼屋,食品,5000万円,5000万円,100%,中部,石川県,香林坊
ハントンライス屋,食品,1000万円,800万円,80%,中部,石川県,香林坊
回転寿司ベルト工場,工業,20億円,1億円,5%,中部,石川県,香林坊
治部煮料理屋,食品,1億円,400万円,4%,中部,石川県,香林坊
金箔工房,商業,2億円,800万円,4%,中部,石川県,香林坊
近江町市場,食品,10億円,3000万円,3%,中部,石川県,香林坊
ホテル,観光,150億円,3億円,2%,中部,石川県,香林坊
今世紀美術館,観光,100億円,1億円,1%,中部,石川県,香林坊
懐かしオムライス屋,食品,1000万円,1000万円,100%,中部,石川県,茶屋街
金箔ソフト屋,食品,1000万円,800万円,80%,中部,石川県,茶屋街
加賀棒茶屋,食品,5000万円,4000万円,80%,中部,石川県,茶屋街
加賀棒茶屋,食品,5000万円,4000万円,80%,中部,石川県,茶屋街
お麩屋,食品,5000万円,4000万円,80%,中部,石川県,茶屋街
寿司屋,食品,3億円,3000万円,10%,中部,石川県,茶屋街
和菓子屋,食品,1億円,300万円,3%,中部,石川県,茶屋街
ひがし茶屋街,観光,150億円,4億5000万円,3%,中部,石川県,茶屋街
大判焼屋,食品,1000万円,1000万円,100%,中部,石川県,小松
塩焼きそば屋,食品,1000万円,500万円,50%,中部,石川県,小松
塩焼きそば屋,食品,1000万円,500万円,50%,中部,石川県,小松
百万石米水田,農林,1億円,300万円,3%,中部,石川県,小松
九谷焼き物工房,商業,3億円,900万円,3%,中部,石川県,小松
九谷焼き物工房,商業,3億円,900万円,3%,中部,石川県,小松
ビンテージカーの館,観光,40億円,1億2000万円,3%,中部,石川県,小松
パワーシャベル工場,工業,600億円,12億円,2%,中部,石川県,小松
なまこ料理屋,食品,1000万円,500万円,50%,中部,石川県,和倉温泉
ひっぱり餅,食品,1000万円,250万円,25%,中部,石川県,和倉温泉
ひっぱり餅,食品,1000万円,250万円,25%,中部,石川県,和倉温泉
巨大日本旅館,観光,40億円,4000万円,1%,中部,石川県,和倉温泉
巨大日本旅館,観光,40億円,4000万円,1%,中部,石川県,和倉温泉
蟹こぼれるぞ丼屋,食品,1億円,2億円,200%,中部,福井県,鯖江
メガネ工場,商業,3億円,300万円,1%,中部,福井県,鯖江
メガネ工場,商業,3億円,300万円,1%,中部,福井県,鯖江
メガネ工場,商業,3億円,300万円,1%,中部,福井県,鯖江
メガネ工場,商業,3億円,300万円,1%,中部,福井県,鯖江
水ようかん屋,食品,1000万円,1000万円,100%,中部,福井県,福井
水ようかん屋,食品,1000万円,1000万円,100%,中部,福井県,福井
ソースカツ丼屋,食品,1000万円,1000万円,100%,中部,福井県,福井
ソースかつ丼屋,食品,1000万円,1000万円,100%,中部,福井県,福井
越前おろしそば屋,食品,1000万円,700万円,70%,中部,福井県,福井
ミルキー女王水田,農林,5000万円,400万円,8%,中部,福井県,福井
恐竜博物館,観光,92億円,4億6000万円,5%,中部,福井県,福井
越前ガニ屋,食品,4億円,800万円,2%,中部,福井県,福井
焼きサバ寿司屋,食品,1000万円,800万円,80%,中部,福井県,小浜
焼きサバ寿司屋,食品,1000万円,800万円,80%,中部,福井県,小浜
焼きサバ寿司屋,食品,1000万円,800万円,80%,中部,福井県,小浜
若狭カレイ屋,食品,1000万円,700万円,70%,中部,福井県,小浜
若狭カレイ屋,食品,1000万円,700万円,70%,中部,福井県,小浜
若狭カレイ屋,食品,1000万円,700万円,70%,中部,福井県,小浜
小鯛のささ漬屋,食品,1000万円,500万円,50%,中部,福井県,小浜
小鯛のささ漬屋,食品,1000万円,500万円,50%,中部,福井県,小浜
サスペンス絵葉書屋,観光,1000万円,100万円,10%,中部,福井県,東尋坊
越前ガニ漁,水産,5億円,1500万円,3%,中部,福井県,東尋坊
越前ガニ漁,水産,5億円,1500万円,3%,中部,福井県,東尋坊
越前ガニ漁,水産,5億円,1500万円,3%,中部,福井県,東尋坊
甘エビ漁,水産,2億円,400万円,2%,中部,福井県,東尋坊
甘エビ漁,水産,2億円,400万円,2%,中部,福井県,東尋坊
湾内観光船,観光,14億円,1400万円,1%,中部,福井県,東尋坊
水族館,観光,30億円,3000万円,1%,中部,福井県,東尋坊
とろろこんぶ工場,水産,1億円,1000万円,10%,中部,福井県,敦賀
とろろこんぶ工場,水産,1億円,1000万円,10%,中部,福井県,敦賀
若狭フグ屋,食品,6億円,1800万円,3%,中部,福井県,敦賀
越前ガニ屋,食品,2億円,400万円,2%,中部,福井県,敦賀
越前ガニ屋,食品,2億円,400万円,2%,中部,福井県,敦賀
駅弁屋,食品,1000万円,1000万円,100%,中部,山梨県,小淵沢
日本そば屋,食品,1000万円,700万円,70%,中部,山梨県,小淵沢
ペンション,観光,1億円,100万円,1%,中部,山梨県,小淵沢
ペンション,観光,1億円,100万円,1%,中部,山梨県,小淵沢
乗馬ランド,観光,3億円,300万円,1%,中部,山梨県,小淵沢
吉田うどん屋,食品,1000万円,1000万円,100%,中部,山梨県,富士吉田
吉田うどん屋,食品,1000万円,1000万円,100%,中部,山梨県,富士吉田
吉田うどん屋,食品,1000万円,1000万円,100%,中部,山梨県,富士吉田
吉田うどん屋,食品,1000万円,1000万円,100%,中部,山梨県,富士吉田
絶叫ランド,観光,80億円,8000万円,1%,中部,山梨県,富士吉田
鳥もつ煮屋,食品,1000万円,800万円,80%,中部,山梨県,甲府
ブドウ園,農林,8000万円,800万円,10%,中部,山梨県,甲府
ほうとう鍋屋,食品,1億円,1000万円,10%,中部,山梨県,甲府
甲州ワイン工場,食品,5億円,5000万円,10%,中部,山梨県,甲府
モモ園,農林,5000万円,400万円,8%,中部,山梨県,甲府
武将餅屋,食品,3億円,1200万円,4%,中部,山梨県,甲府
あわびの煮貝屋,食品,5億円,1000万円,2%,中部,山梨県,甲府
宝石工場,工業,20億円,4000万円,2%,中部,山梨県,甲府
サイクリング屋,観光,1000万円,2000万円,200%,中部,長野県,軽井沢
天然かき氷屋,食品,1000万円,1000万円,100%,中部,長野県,軽井沢
イタリアン料理店,食品,3000万円,1500万円,50%,中部,長野県,軽井沢
霧下高原野菜畑,農林,5000万円,500万円,10%,中部,長野県,軽井沢
教会結婚式場,観光,43億円,1億2900万円,3%,中部,長野県,軽井沢
アウトレットモール,商業,80億円,1億6000万円,2%,中部,長野県,軽井沢
テニスクラブ,観光,4億円,400万円,1%,中部,長野県,軽井沢
テニスクラブ,観光,4億円,400万円,1%,中部,長野県,軽井沢
葛飾北斎グッズ屋,観光,1000万円,1000万円,100%,中部,長野県,小布施
栗きんとん屋,食品,1000万円,1000万円,100%,中部,長野県,小布施
栗きんとん屋,食品,1000万円,1000万円,100%,中部,長野県,小布施
栗おこわ屋,食品,3000万円,3000万円,100%,中部,長野県,小布施
栗おこわ屋,食品,3000万円,3000万円,100%,中部,長野県,小布施
朱雀の和栗屋,食品,3億円,3000万円,10%,中部,長野県,小布施
リンゴ園,農林,5000万円,400万円,8%,中部,長野県,小布施
造り酒屋,食品,5億円,2000万円,4%,中部,長野県,小布施
マツタケ料理屋,食品,1億円,1億円,100%,中部,長野県,上田
マツタケ料理屋,食品,1億円,1億円,100%,中部,長野県,上田
マツタケ料理屋,食品,1億円,1億円,100%,中部,長野県,上田
くるみ林,農林,8000万円,640万円,8%,中部,長野県,上田
くるみ林,農林,8000万円,640万円,8%,中部,長野県,上田
くるみ林,農林,8000万円,640万円,8%,中部,長野県,上田
くるみ林,農林,8000万円,640万円,8%,中部,長野県,上田
レトルトカレ―工場,食品,120億円,6億円,5%,中部,長野県,上田
信州手打ちそば屋,食品,1000万円,1000万円,100%,中部,長野県,松本
栗おこわ屋,食品,3000万円,3000万円,100%,中部,長野県,松本
牛乳パン屋,食品,1000万円,800万円,80%,中部,長野県,松本
まめ板飴屋,食品,1000万円,800万円,80%,中部,長野県,松本
下原スイカ畑,農林,1億円,1000万円,10%,中部,長野県,松本
下原スイカ畑,農林,1億円,1000万円,10%,中部,長野県,松本
民芸家具屋,商業,4億円,400万円,1%,中部,長野県,松本
民芸家具屋,商業,4億円,400万円,1%,中部,長野県,松本
ソースカツ丼屋,食品,3000万円,3000万円,100%,中部,長野県,駒ヶ根
ソースカツ丼屋,食品,3000万円,3000万円,100%,中部,長野県,駒ヶ根
ソースカツ丼屋,食品,3000万円,3000万円,100%,中部,長野県,駒ヶ根
ソースカツ丼屋,食品,3000万円,3000万円,100%,中部,長野県,駒ヶ根
養老酒工場,食品,10億円,2000万円,2%,中部,長野県,駒ヶ根
信州手打ちそば屋,食品,1000万円,700万円,70%,中部,長野県,長野
おやき屋,食品,1000万円,250万円,25%,中部,長野県,長野
リンゴ園,農林,5000万円,400万円,8%,中部,長野県,長野
リンゴ園,農林,5000万円,400万円,8%,中部,長野県,長野
リンゴ園,農林,5000万円,400万円,8%,中部,長野県,長野
信州味噌工場,食品,4億円,1200万円,3%,中部,長野県,長野
白い馬美術館,観光,20億円,6000万円,3%,中部,長野県,長野
電気機器工場,工業,240億円,2億4000万円,1%,中部,長野県,長野
あんず林,農林,5000万円,500万円,10%,中部,長野県,千曲
あんず林,農林,5000万円,500万円,10%,中部,長野県,千曲
あんず林,農林,5000万円,500万円,10%,中部,長野県,千曲
あんず林,農林,5000万円,500万円,10%,中部,長野県,千曲
あんず林,農林,5000万円,500万円,10%,中部,長野県,千曲
ホテル,観光,10億円,1000万円,1%,中部,長野県,白馬
ホテル,観光,10億円,1000万円,1%,中部,長野県,白馬
スキー場,観光,80億円,8000万円,1%,中部,長野県,白馬
スキー場,観光,80億円,8000万円,1%,中部,長野県,白馬
スキー場,観光,80億円,8000万円,1%,中部,長野県,白馬
飛騨牛握り寿司屋,食品,1000万円,1000万円,100%,中部,岐阜県,高山
飛騨牛串焼き屋,食品,1000万円,1000万円,100%,中部,岐阜県,高山
みたらし団子屋,食品,1000万円,800万円,80%,中部,岐阜県,高山
漬物ステーキ屋,食品,1000万円,500万円,50%,中部,岐阜県,高山
高山ラーメン屋,食品,1000万円,500万円,50%,中部,岐阜県,高山
さんまち古い町並み,観光,30億円,9000万円,3%,中部,岐阜県,高山
飛騨牛ステーキ屋,食品,4億円,800万円,2%,中部,岐阜県,高山
飛騨牛ステーキ屋,食品,4億円,800万円,2%,中部,岐阜県,高山
栗おこわ屋,食品,3000万円,3000万円,100%,中部,岐阜県,中津川
栗きんとん屋,食品,1億円,2000万円,20%,中部,岐阜県,中津川
段ボール工場,工業,1億円,1000万円,10%,中部,岐阜県,中津川
夜明け前記念館,観光,2億円,400万円,2%,中部,岐阜県,中津川
馬籠宿の町並み,観光,3億円,600万円,2%,中部,岐阜県,中津川
妻籠宿の町並み,観光,5億円,500万円,1%,中部,岐阜県,中津川
製紙工場,工業,10億円,1000万円,1%,中部,岐阜県,中津川
電機メーカー,工業,20億円,2000万円,1%,中部,岐阜県,中津川
みたらし団子屋,食品,1000万円,500万円,50%,中部,岐阜県,郡上
みたらし団子屋,食品,1000万円,500万円,50%,中部,岐阜県,郡上
鶏ちゃん屋,食品,1000万円,500万円,50%,中部,岐阜県,郡上
鶏ちゃん屋,食品,1000万円,500万円,50%,中部,岐阜県,郡上
ハム工場,食品,5億円,1500万円,3%,中部,岐阜県,郡上
食品サンプル工房,工業,4億円,800万円,2%,中部,岐阜県,郡上
食品サンプル工房,工業,4億円,800万円,2%,中部,岐阜県,郡上
郡上おどり記念館,観光,10億円,2000万円,2%,中部,岐阜県,郡上
鵜飼いグッズ屋,観光,5000万円,2500万円,50%,中部,岐阜県,岐阜
鮎の甘露煮屋,食品,1000万円,250万円,25%,中部,岐阜県,岐阜
バラ園,農林,8000万円,400万円,5%,中部,岐阜県,岐阜
岐阜提灯工房,商業,2億円,200万円,1%,中部,岐阜県,岐阜
アパレル工場,商業,4億円,400万円,1%,中部,岐阜県,岐阜
織部焼き物工房,商業,6億円,1200万円,2%,中部,岐阜県,土岐
織部焼き物工房,商業,6億円,1200万円,2%,中部,岐阜県,土岐
美濃焼き物工房,商業,4億円,400万円,1%,中部,岐阜県,土岐
美濃焼き物工房,商業,4億円,400万円,1%,中部,岐阜県,土岐
美濃焼き物工房,商業,4億円,400万円,1%,中部,岐阜県,土岐
うなぎクッキー屋,食品,1000万円,2000万円,200%,中部,静岡県,浜松
もやし餃子屋,食品,1000万円,1000万円,100%,中部,静岡県,浜松
もやし餃子屋,食品,1000万円,1000万円,100%,中部,静岡県,浜松
ささやかハンバーグ,商業,3億円,3000万円,10%,中部,静岡県,浜松
バウムクーヘン屋,食品,95億円,4億7500万円,5%,中部,静岡県,浜松
新幹線車両工場,工業,400億円,16億円,4%,中部,静岡県,浜松
ピアノ工場,工業,10億円,3000万円,3%,中部,静岡県,浜松
バイク工場,工業,200億円,4億円,2%,中部,静岡県,浜松
あべ川餅屋,食品,1000万円,1000万円,100%,中部,静岡県,静岡
静岡おでん屋,食品,1000万円,800万円,80%,中部,静岡県,静岡
わさび漬け屋,食品,1000万円,500万円,50%,中部,静岡県,静岡
静岡茶畑,農林,8000万円,800万円,10%,中部,静岡県,静岡
静岡茶畑,農林,8000万円,800万円,10%,中部,静岡県,静岡
ささやかハンバーグ,商業,3億円,3000万円,10%,中部,静岡県,静岡
ミカン園,農林,5000万円,150万円,3%,中部,静岡県,静岡
プラモデル工場,商業,10億円,2000万円,2%,中部,静岡県,静岡
冷やしわんたん屋,食品,1000万円,1000万円,100%,中部,静岡県,熱海
金目鯛料理屋,食品,1000万円,1000万円,100%,中部,静岡県,熱海
熱海プリン屋,食品,1000万円,500万円,50%,中部,静岡県,熱海
アジの干物屋,食品,1000万円,500万円,50%,中部,静岡県,熱海
揚げワンタン屋,食品,1000万円,500万円,50%,中部,静岡県,熱海
海の見えるカフェ,食品,1億円,4000万円,40%,中部,静岡県,熱海
海岸エステホテル,観光,40億円,1億6000万円,4%,中部,静岡県,熱海
国宝美術館,観光,250億円,2億5000万円,1%,中部,静岡県,熱海
金目鯛コロッケ屋,食品,1000万円,1000万円,100%,中部,静岡県,下田
金目鯛コロッケ屋,食品,1000万円,1000万円,100%,中部,静岡県,下田
金目鯛コロッケ屋,食品,1000万円,1000万円,100%,中部,静岡県,下田
黒船グッズ屋,観光,1000万円,500万円,50%,中部,静岡県,下田
いけんだ煮みそ鍋屋,食品,1億円,400万円,4%,中部,静岡県,下田
焼きそば屋,食品,1000万円,800万円,80%,中部,静岡県,富士宮
焼きそば屋,食品,1000万円,800万円,80%,中部,静岡県,富士宮
焼きそば屋,食品,1000万円,800万円,80%,中部,静岡県,富士宮
酪農牧場,農林,4億円,2800万円,7%,中部,静岡県,富士宮
ミカン園,農林,5000万円,150万円,3%,中部,静岡県,富士宮
天然水工場,食品,6億円,1800万円,3%,中部,静岡県,富士宮
薬品工場,工業,20億円,2000万円,1%,中部,静岡県,富士宮
製紙工場,工業,80億円,8000万円,1%,中部,静岡県,富士宮
コロッケ屋,食品,1000万円,800万円,80%,中部,静岡県,三島
コロッケ屋,食品,1000万円,800万円,80%,中部,静岡県,三島
うなぎ屋,食品,1億円,1000万円,10%,中部,静岡県,三島
うなぎ屋,食品,1億円,1000万円,10%,中部,静岡県,三島
ミカン園,農林,5000万円,150万円,3%,中部,静岡県,三島
医薬品工場,工業,40億円,4000万円,1%,中部,静岡県,三島
医薬品工場,工業,40億円,4000万円,1%,中部,静岡県,三島
製紙工場,工業,200億円,2億円,1%,中部,静岡県,三島
桜餅の葉っぱ園,農林,5000万円,4000万円,80%,中部,静岡県,松崎
桜餅の葉っぱ園,農林,5000万円,4000万円,80%,中部,静岡県,松崎
桜餅の葉っぱ園,農林,5000万円,4000万円,80%,中部,静岡県,松崎
ミカン園,農林,5000万円,150万円,3%,中部,静岡県,松崎
ミカン園,農林,5000万円,150万円,3%,中部,静岡県,松崎
こて絵記念館,観光,4億円,400万円,1%,中部,静岡県,松崎
海の若大将記念館,観光,10億円,1000万円,1%,中部,静岡県,松崎
わさび田,農林,8000万円,800万円,10%,中部,静岡県,修善寺
ミカン園,農林,5000万円,150万円,3%,中部,静岡県,修善寺
ミカン園,農林,5000万円,150万円,3%,中部,静岡県,修善寺
能舞台日本旅館,観光,40億円,1億2000万円,3%,中部,静岡県,修善寺
日本旅館,観光,20億円,2000万円,1%,中部,静岡県,修善寺
日本旅館,観光,20億円,2000万円,1%,中部,静岡県,修善寺
日本旅館,観光,20億円,2000万円,1%,中部,静岡県,修善寺
花の公園,観光,30億円,3000万円,1%,中部,静岡県,修善寺
サマーオレンジ園,農林,5000万円,500万円,10%,中部,静岡県,伊豆高原
サマーオレンジ園,農林,5000万円,500万円,10%,中部,静岡県,伊豆高原
サマーオレンジ園,農林,5000万円,500万円,10%,中部,静岡県,伊豆高原
テディベア博物館,観光,4億円,800万円,2%,中部,静岡県,伊豆高原
シャボテン公園,観光,5億円,1000万円,2%,中部,静岡県,伊豆高原
万華鏡博物館,観光,2億円,200万円,1%,中部,静岡県,伊豆高原
ペット博物館,観光,2億円,200万円,1%,中部,静岡県,伊豆高原
機械仕掛け博物館,観光,3億円,300万円,1%,中部,静岡県,伊豆高原
コメダ珈琲店,食品,1000万円,2000万円,200%,中部,愛知県,栄
コメダ珈琲店,食品,1000万円,2000万円,200%,中部,愛知県,栄
鬼まんじゅう屋,食品,1000万円,500万円,50%,中部,愛知県,栄
カレー煮うどん屋,食品,1000万円,500万円,50%,中部,愛知県,栄
みそ煮うどん屋,食品,3000万円,1500万円,50%,中部,愛知県,栄
わらびもち屋,食品,3億円,3000万円,10%,中部,愛知県,栄
ブランド街,商業,180億円,7億2000万円,4%,中部,愛知県,栄
百貨店,商業,20億円,4000万円,2%,中部,愛知県,栄
えびせんべい屋,食品,1000万円,800万円,80%,中部,愛知県,名古屋
みそ煮うどん屋,食品,3000万円,1500万円,50%,中部,愛知県,名古屋
ひつまぶし屋,食品,1億円,700万円,7%,中部,愛知県,名古屋
高級陶磁器工場,工業,170億円,5億1000万円,3%,中部,愛知県,名古屋
兄弟ミシン工業,工業,200億円,6億円,3%,中部,愛知県,名古屋
プロ野球チーム,観光,60億円,1億2000万円,2%,中部,愛知県,名古屋
セラミクス工場,工業,700億円,14億円,2%,中部,愛知県,名古屋
ガスコンロ工場,工業,780億円,15億6000万円,2%,中部,愛知県,名古屋
チキンコロッケ屋,食品,1000万円,800万円,80%,中部,愛知県,豊田
八丁味噌焼きそば屋,食品,1000万円,500万円,50%,中部,愛知県,豊田
ジャンボ梨園,農林,1億円,300万円,3%,中部,愛知県,豊田
ジャンボ梨園,農林,1億円,300万円,3%,中部,愛知県,豊田
自動車工場,工業,7000億円,210億円,3%,中部,愛知県,豊田
自動車記念館,観光,8億円,800万円,1%,中部,愛知県,豊田
サッカースタジアム,観光,448億円,4億4800万円,1%,中部,愛知県,豊田
えびせんべい屋,食品,1000万円,800万円,80%,中部,愛知県,常滑
トイレ工場,工業,20億円,6000万円,3%,中部,愛知県,常滑
タイル建材工場,工業,10億円,2000万円,2%,中部,愛知県,常滑
常滑焼工房,商業,1億円,100万円,1%,中部,愛知県,常滑
常滑焼工房,商業,1億円,100万円,1%,中部,愛知県,常滑
瀬戸焼きそば,食品,1000万円,500万円,50%,中部,愛知県,瀬戸
瀬戸焼きそば,食品,1000万円,500万円,50%,中部,愛知県,瀬戸
瀬戸焼き物工房,商業,3億円,1500万円,5%,中部,愛知県,瀬戸
ジブリパーク,観光,340億円,17億円,5%,中部,愛知県,瀬戸
ノベルティ生産工房,商業,1億円,300万円,3%,中部,愛知県,瀬戸
北京飯店,食品,1000万円,500万円,50%,中部,愛知県,安城
あんまき屋,食品,1000万円,500万円,50%,中部,愛知県,安城
いちじく畑,農林,1億円,300万円,3%,中部,愛知県,安城
いちじく畑,農林,1億円,300万円,3%,中部,愛知県,安城
安城梨園,農林,1億円,200万円,2%,中部,愛知県,安城
安城梨園,農林,1億円,200万円,2%,中部,愛知県,安城
薬局チェーン本社,商業,154億円,3億800万円,2%,中部,愛知県,安城
電動工具工場,工業,242億円,2億4200万円,1%,中部,愛知県,安城
豊橋カレーうどん屋,食品,1000万円,500万円,50%,中部,愛知県,豊橋
ちくわ屋,食品,1000万円,500万円,50%,中部,愛知県,豊橋
ブロッコリー畑,農林,8000万円,640万円,8%,中部,愛知県,豊橋
外車販売会社,商業,20億円,8000万円,4%,中部,愛知県,豊橋
うずら養鶏場,農林,1億円,300万円,3%,中部,愛知県,豊橋
うずら養鶏場,農林,1億円,300万円,3%,中部,愛知県,豊橋
自動車部品工場,工業,40億円,1億2000万円,3%,中部,愛知県,豊橋
粘着テープ工場,工業,267億円,5億3400万円,2%,中部,愛知県,豊橋
八丁味噌工場,食品,4億円,2800万円,7%,中部,愛知県,岡崎
八丁味噌工場,食品,4億円,2800万円,7%,中部,愛知県,岡崎
八丁味噌工場,食品,4億円,2800万円,7%,中部,愛知県,岡崎
工業用砥石工場,工業,28億円,2800万円,1%,中部,愛知県,岡崎
自動車工場,工業,80億円,8000万円,1%,中部,愛知県,岡崎
巨大水族館,観光,400億円,20億円,5%,中部,愛知県,名古屋港
観覧車パーク,観光,9億円,3600万円,4%,中部,愛知県,名古屋港
鉄道博物館,観光,55億円,1億6500万円,3%,中部,愛知県,名古屋港
国際見本市館,観光,150億円,4億5000万円,3%,中部,愛知県,名古屋港
南極観測船記念館,観光,10億円,2000万円,2%,中部,愛知県,名古屋港
ブロック王国,観光,320億円,3億2000万円,1%,中部,愛知県,名古屋港
天むす屋,食品,1000万円,800万円,80%,近畿,三重県,津
たこ焼きパフェ屋,食品,1000万円,500万円,50%,近畿,三重県,津
福引せんべい屋,食品,1000万円,500万円,50%,近畿,三重県,津
巨大ぎょうざ屋,食品,1000万円,500万円,50%,近畿,三重県,津
うなぎ屋,食品,1000万円,500万円,50%,近畿,三重県,津
肉まんあんまん工場,食品,22億円,1億1000万円,5%,近畿,三重県,津
造船所,工業,30億円,9000万円,3%,近畿,三重県,津
ベビーラーメン工場,食品,18億円,3600万円,2%,近畿,三重県,津
てこね寿司屋,食品,5000万円,4000万円,80%,近畿,三重県,伊勢
てこね寿司屋,食品,5000万円,4000万円,80%,近畿,三重県,伊勢
ぱんじゅう屋,食品,1000万円,500万円,50%,近畿,三重県,伊勢
伊勢うどん屋,食品,1000万円,500万円,50%,近畿,三重県,伊勢
伊勢うどん屋,食品,1000万円,500万円,50%,近畿,三重県,伊勢
ふくふくもち屋,食品,3億円,1500万円,5%,近畿,三重県,伊勢
おまいり横丁,観光,200億円,4億円,2%,近畿,三重県,伊勢
戦国パーク,観光,10億円,1000万円,1%,近畿,三重県,伊勢
とんてき屋,食品,1000万円,500万円,50%,近畿,三重県,四日市
点火プラグ工場,工業,75億円,2億2500万円,3%,近畿,三重県,四日市
食品素材工場,工業,77億円,2億3100万円,3%,近畿,三重県,四日市
物流倉庫会社,商業,84億円,2億5200万円,3%,近畿,三重県,四日市
板ガラス工場,工業,100億円,3億円,3%,近畿,三重県,四日市
金属工場,工業,262億円,7億8600万円,3%,近畿,三重県,四日市
石油精製工場,工業,200億円,4億円,2%,近畿,三重県,四日市
石油精製工場,工業,200億円,4億円,2%,近畿,三重県,四日市
手裏剣せんべい屋,食品,1000万円,500万円,50%,近畿,三重県,伊賀
堅焼きせんべい屋,食品,1000万円,500万円,50%,近畿,三重県,伊賀
松尾芭蕉グッズ屋,観光,3000万円,300万円,10%,近畿,三重県,伊賀
忍者屋敷,観光,2億円,600万円,3%,近畿,三重県,伊賀
伊賀牛屋,食品,6億円,1800万円,3%,近畿,三重県,伊賀
伊賀牛屋,食品,6億円,1800万円,3%,近畿,三重県,伊賀
伊賀焼き物工房,商業,4億円,800万円,2%,近畿,三重県,伊賀
伊賀組ひも工房,商業,1億円,100万円,1%,近畿,三重県,伊賀
牡蠣養殖工場,水産,8億円,4000万円,5%,近畿,三重県,鳥羽
牡蠣養殖工場,水産,8億円,4000万円,5%,近畿,三重県,鳥羽
黒鯛漁,水産,7億円,2800万円,4%,近畿,三重県,鳥羽
真珠養殖工場,水産,5億円,1500万円,3%,近畿,三重県,鳥羽
真珠養殖工場,水産,5億円,1500万円,3%,近畿,三重県,鳥羽
松阪牛屋,食品,8億円,2400万円,3%,近畿,三重県,松阪
松阪牛屋,食品,8億円,2400万円,3%,近畿,三重県,松阪
松阪牛屋,食品,8億円,2400万円,3%,近畿,三重県,松阪
松阪牛屋,食品,8億円,2400万円,3%,近畿,三重県,松阪
松阪牛屋,食品,8億円,2400万円,3%,近畿,三重県,松阪
ひこっしーグッズ屋,観光,1000万円,1000万円,100%,近畿,滋賀県,彦根
近江ちゃんぽん屋,食品,1000万円,500万円,50%,近畿,滋賀県,彦根
和ローソク屋,商業,3000万円,1500万円,50%,近畿,滋賀県,彦根
和ローソク屋,商業,3000万円,1500万円,50%,近畿,滋賀県,彦根
赤かぶら漬け屋,食品,3000万円,1500万円,50%,近畿,滋賀県,彦根
仏壇工場,工業,10億円,2000万円,2%,近畿,滋賀県,彦根
塩すき焼き屋,食品,1億円,100万円,1%,近畿,滋賀県,彦根
走り餅屋,食品,1000万円,500万円,50%,近畿,滋賀県,大津
走り餅屋,食品,1000万円,500万円,50%,近畿,滋賀県,大津
しじみめし屋,食品,1000万円,500万円,50%,近畿,滋賀県,大津
しじみめし屋,食品,1000万円,500万円,50%,近畿,滋賀県,大津
液晶用ガラス工場,工業,320億円,12億8000万円,4%,近畿,滋賀県,大津
バイオ研究所,工業,90億円,2億7000万円,3%,近畿,滋賀県,大津
和菓子屋,食品,1億円,200万円,2%,近畿,滋賀県,大津
産業用センサー工場,工業,28億円,5600万円,2%,近畿,滋賀県,大津
でっちようかん屋,食品,1000万円,500万円,50%,近畿,滋賀県,近江八幡
でっちようかん屋,食品,1000万円,500万円,50%,近畿,滋賀県,近江八幡
赤コンニャク屋,食品,1000万円,500万円,50%,近畿,滋賀県,近江八幡
バウムクーヘン屋,食品,1億円,1500万円,15%,近畿,滋賀県,近江八幡
近江牛屋,食品,8億円,3200万円,4%,近畿,滋賀県,近江八幡
近江牛屋,食品,8億円,3200万円,4%,近畿,滋賀県,近江八幡
瓦工場,工業,2億円,400万円,2%,近畿,滋賀県,近江八幡
製薬会社,工業,40億円,4000万円,1%,近畿,滋賀県,近江八幡
フィギュア博物館,観光,20億円,8000万円,4%,近畿,滋賀県,長浜
まんねん灸工場,工業,10億円,3000万円,3%,近畿,滋賀県,長浜
カモなべ屋,食品,1億円,200万円,2%,近畿,滋賀県,長浜
カモなべ屋,食品,1億円,200万円,2%,近畿,滋賀県,長浜
オルゴール館,観光,4億円,400万円,1%,近畿,滋賀県,長浜
ガラス工房,観光,6億円,600万円,1%,近畿,滋賀県,長浜
鉄道記念館,観光,60億円,6000万円,1%,近畿,滋賀県,長浜
黒壁の町並み,観光,80億円,8000万円,1%,近畿,滋賀県,長浜
肉じゃが屋,食品,1000万円,500万円,50%,近畿,京都府,舞鶴
肉じゃが屋,食品,1000万円,500万円,50%,近畿,京都府,舞鶴
軍港カレー屋,食品,1000万円,500万円,50%,近畿,京都府,舞鶴
軍港カレー屋,食品,1000万円,500万円,50%,近畿,京都府,舞鶴
万願寺トウガラシ畑,農林,3000万円,150万円,5%,近畿,京都府,舞鶴
音頭せんべい屋,食品,1000万円,500万円,50%,近畿,京都府,福知山
栗のテリーヌ屋,食品,2億円,2000万円,10%,近畿,京都府,福知山
痔の薬品工場,工業,50億円,5億円,10%,近畿,京都府,福知山
ビタミン剤工場,工業,100億円,7億円,7%,近畿,京都府,福知山
ブドウ園,農林,5000万円,250万円,5%,近畿,京都府,福知山
タケノコ林,農林,8000万円,400万円,5%,近畿,京都府,福知山
タケノコ林,農林,8000万円,400万円,5%,近畿,京都府,福知山
磁気テープ工場,工業,60億円,1億8000万円,3%,近畿,京都府,福知山
ゲーム開発会社,工業,102億円,20億4000万円,20%,近畿,京都府,京都
鉄道博物館,観光,70億円,10億5000万円,15%,近畿,京都府,京都
あぶり餅屋,食品,1億円,1000万円,10%,近畿,京都府,京都
あぶり餅屋,食品,1億円,1000万円,10%,近畿,京都府,京都
あぶらとり紙屋,商業,5億円,5000万円,10%,近畿,京都府,京都
女性下着会社,商業,132億円,6億6000万円,5%,近畿,京都府,京都
宅配便会社,商業,7200億円,288億円,4%,近畿,京都府,京都
自動改札機会社,工業,460億円,13億8000万円,3%,近畿,京都府,京都
京の米料亭,食品,2億円,3000万円,15%,近畿,京都府,祇園
鮨割烹,食品,3億円,4500万円,15%,近畿,京都府,祇園
イタリアン料理店,食品,4億円,6000万円,15%,近畿,京都府,祇園
天然かき氷屋,食品,1億円,1000万円,10%,近畿,京都府,祇園
老舗コーヒー店,食品,1億円,1000万円,10%,近畿,京都府,祇園
葛きり屋,食品,2億円,2000万円,10%,近畿,京都府,祇園
生麩屋,食品,3億円,3000万円,10%,近畿,京都府,祇園
帆布工場,工業,5億円,3500万円,7%,近畿,京都府,祇園
高級料亭,食品,5億円,5000万円,10%,近畿,京都府,嵐山
高級料亭,食品,5億円,5000万円,10%,近畿,京都府,嵐山
料亭億兆,食品,60億円,4億2000万円,7%,近畿,京都府,嵐山
湯豆腐料理屋,食品,1億円,300万円,3%,近畿,京都府,嵐山
湯豆腐料理屋,食品,1億円,300万円,3%,近畿,京都府,嵐山
帰ってきた宮田麺児,食品,1000万円,2000万円,200%,近畿,大阪府,大阪
イカ焼き屋,食品,1000万円,1000万円,100%,近畿,大阪府,大阪
タコ焼き屋,食品,1000万円,500万円,50%,近畿,大阪府,大阪
タコ焼き屋,食品,1000万円,500万円,50%,近畿,大阪府,大阪
お笑い興行,観光,40億円,4億円,10%,近畿,大阪府,大阪
プロ野球チーム,観光,80億円,4億円,5%,近畿,大阪府,大阪
はりはり鍋屋,食品,1億円,300万円,3%,近畿,大阪府,大阪
消防車工場,工業,50億円,1億円,2%,近畿,大阪府,大阪
タコ焼き屋,食品,1000万円,1000万円,100%,近畿,大阪府,なんば
豚まん屋,食品,1000万円,1000万円,100%,近畿,大阪府,なんば
セイロンライス屋,食品,1000万円,500万円,50%,近畿,大阪府,なんば
お笑い劇場,観光,5億円,7500万円,15%,近畿,大阪府,なんば
お笑い興行,観光,50億円,5億円,10%,近畿,大阪府,なんば
黒門市場,水産,16億円,9600万円,6%,近畿,大阪府,なんば
老舗デパート,商業,560億円,22億4000万円,4%,近畿,大阪府,なんば
日本橋電気街,商業,100億円,3億円,3%,近畿,大阪府,なんば
ヨーグルトケーキ屋,食品,1000万円,1000万円,100%,近畿,大阪府,天王寺
串かつ屋,食品,1000万円,800万円,80%,近畿,大阪府,天王寺
将棋場,観光,1000万円,500万円,50%,近畿,大阪府,天王寺
将棋場,観光,1000万円,500万円,50%,近畿,大阪府,天王寺
シチューうどん屋,食品,1000万円,500万円,50%,近畿,大阪府,天王寺
仰天閣タワー,観光,80億円,1億6000万円,2%,近畿,大阪府,天王寺
あべのルルカス,商業,1300億円,26億円,2%,近畿,大阪府,天王寺
動物園,観光,40億円,4000万円,1%,近畿,大阪府,天王寺
韓国キムチ屋,食品,1000万円,1000万円,100%,近畿,大阪府,鶴橋
韓国焼き肉屋,食品,3000万円,2400万円,80%,近畿,大阪府,鶴橋
韓国焼き肉屋,食品,3000万円,2400万円,80%,近畿,大阪府,鶴橋
チジミ屋,食品,1000万円,500万円,50%,近畿,大阪府,鶴橋
トッポギ屋,食品,1000万円,500万円,50%,近畿,大阪府,鶴橋
くるみ餅屋,食品,1000万円,1000万円,100%,近畿,大阪府,堺
うどんすき屋本店,食品,1億円,8000万円,80%,近畿,大阪府,堺
かすうどん屋,食品,1000万円,500万円,50%,近畿,大阪府,堺
かすうどん屋,食品,1000万円,500万円,50%,近畿,大阪府,堺
クラッカー菓子工場,食品,2億円,1400万円,7%,近畿,大阪府,堺
回転寿司チェーン,食品,20億円,1億4000万円,7%,近畿,大阪府,堺
引越センター,商業,37億円,2億5900万円,7%,近畿,大阪府,堺
刃物工場,工業,2億円,600万円,3%,近畿,大阪府,堺
だんじりグッズ屋,観光,1000万円,1000万円,100%,近畿,大阪府,岸和田
水なす畑,農林,5000万円,500万円,10%,近畿,大阪府,岸和田
水なす畑,農林,5000万円,500万円,10%,近畿,大阪府,岸和田
タマネギ畑,農林,3000万円,150万円,5%,近畿,大阪府,岸和田
顕微鏡ガラス工場,工業,20億円,4000万円,2%,近畿,大阪府,岸和田
紅葉の天ぷら屋,食品,1000万円,800万円,80%,近畿,大阪府,吹田
即席めん工場,食品,60億円,4億2000万円,7%,近畿,大阪府,吹田
ビール工場,食品,100億円,4億円,4%,近畿,大阪府,吹田
目薬メーカー,工業,150億円,6億円,4%,近畿,大阪府,吹田
くずきり工場,食品,2億円,600万円,3%,近畿,大阪府,吹田
てっぺん化粧品工場,工業,6億円,1200万円,2%,近畿,大阪府,吹田
ぞうきん工場,工業,120億円,2億4000万円,2%,近畿,大阪府,吹田
エキスポシティ,観光,80億円,8000万円,1%,近畿,大阪府,吹田
フランクフルト屋,食品,1000万円,800万円,80%,近畿,大阪府,京橋
つかみ寿司屋,食品,1億円,1000万円,10%,近畿,大阪府,京橋
お笑い劇場,観光,4億円,4000万円,10%,近畿,大阪府,京橋
テレビ局,観光,100億円,10億円,10%,近畿,大阪府,京橋
テレビ局,観光,10億円,7000万円,7%,近畿,大阪府,京橋
ポニョソニック電機,工業,4000億円,400億円,10%,近畿,大阪府,門真
経営の神様記念館,観光,24億円,1億9200万円,8%,近畿,大阪府,門真
クワイ畑,農林,1億円,400万円,4%,近畿,大阪府,門真
クワイ畑,農林,1億円,400万円,4%,近畿,大阪府,門真
ジェネリック薬品,工業,47億円,1億8800万円,4%,近畿,大阪府,門真
自動車部品工場,工業,6億円,1800万円,3%,近畿,大阪府,門真
マホービン工場,工業,40億円,1億2000万円,3%,近畿,大阪府,門真
電池充電器工場,工業,80億円,2億4000万円,3%,近畿,大阪府,門真
ジンベイザメ水族館,観光,600億円,60億円,10%,近畿,大阪府,天保山
アウトレットモール,商業,100億円,4億円,4%,近畿,大阪府,天保山
ロック・カフェ,食品,2億円,600万円,3%,近畿,大阪府,天保山
大観覧車,観光,40億円,1億2000万円,3%,近畿,大阪府,天保山
映画ランドジャパン,観光,3500億円,35億円,1%,近畿,大阪府,天保山
あったらいいな製薬,工業,35億円,2億1000万円,6%,近畿,大阪府,北浜
ビタミンＡ製薬,工業,1500億円,90億円,6%,近畿,大阪府,北浜
アルバム製作会社,工業,66億円,2億6400万円,4%,近畿,大阪府,北浜
シノノギ製薬,工業,200億円,8億円,4%,近畿,大阪府,北浜
医療品製薬,工業,550億円,16億5000万円,3%,近畿,大阪府,北浜
スタミナ製薬,工業,500億円,10億円,2%,近畿,大阪府,北浜
紡績工場,工業,220億円,2億2000万円,1%,近畿,大阪府,北浜
繊維メーカー,工業,240億円,2億4000万円,1%,近畿,大阪府,北浜
卵かけごはん屋,食品,500万円,1000万円,200%,近畿,兵庫県,出石
皿そば屋,食品,1000万円,1000万円,100%,近畿,兵庫県,出石
皿そば屋,食品,1000万円,1000万円,100%,近畿,兵庫県,出石
皿そば屋,食品,1000万円,1000万円,100%,近畿,兵庫県,出石
皿そば屋,食品,1000万円,1000万円,100%,近畿,兵庫県,出石
露店トマト屋,食品,1000万円,700万円,70%,近畿,兵庫県,出石
出石白磁工房,商業,1億円,100万円,1%,近畿,兵庫県,出石
出石白磁工房,商業,1億円,100万円,1%,近畿,兵庫県,出石
忠臣蔵グッズ屋,観光,1000万円,1000万円,100%,近畿,兵庫県,赤穂
塩まんじゅう屋,食品,1000万円,500万円,50%,近畿,兵庫県,赤穂
製塩工場,食品,7億円,2100万円,3%,近畿,兵庫県,赤穂
製塩工場,食品,7億円,2100万円,3%,近畿,兵庫県,赤穂
製塩工場,食品,7億円,2100万円,3%,近畿,兵庫県,赤穂
布海苔養殖場,水産,3億円,300万円,1%,近畿,兵庫県,赤穂
味噌だれギョーザ屋,食品,1000万円,1000万円,100%,近畿,兵庫県,神戸
あん食トースト屋,食品,1000万円,1000万円,100%,近畿,兵庫県,神戸
缶コーヒー工場,食品,280億円,11億2000万円,4%,近畿,兵庫県,神戸
元町中華街,観光,300億円,9億円,3%,近畿,兵庫県,神戸
フランスパン屋,食品,1億円,200万円,2%,近畿,兵庫県,神戸
ステーキハウス,食品,10億円,2000万円,2%,近畿,兵庫県,神戸
ベルト工場,工業,80億円,1億6000万円,2%,近畿,兵庫県,神戸
スポーツ靴工場,工業,270億円,5億4000万円,2%,近畿,兵庫県,神戸
吹き戻し屋,商業,500万円,500万円,100%,近畿,兵庫県,淡路島
タマネギ畑,農林,5000万円,400万円,8%,近畿,兵庫県,淡路島
タマネギ畑,農林,5000万円,400万円,8%,近畿,兵庫県,淡路島
お香工場,工業,1億円,200万円,2%,近畿,兵庫県,淡路島
淡路瓦工場,工業,3億円,300万円,1%,近畿,兵庫県,淡路島
焼きアナゴ寿司屋,食品,1000万円,700万円,70%,近畿,兵庫県,姫路
焼きアナゴ寿司屋,食品,1000万円,700万円,70%,近畿,兵庫県,姫路
どろ焼き屋,食品,1000万円,500万円,50%,近畿,兵庫県,姫路
液晶パネル工場,工業,3000億円,90億円,3%,近畿,兵庫県,姫路
幼児服チェーン本店,商業,25億円,5000万円,2%,近畿,兵庫県,姫路
石油工場,工業,80億円,8000万円,1%,近畿,兵庫県,姫路
化学工場,工業,100億円,1億円,1%,近畿,兵庫県,姫路
製鉄所,工業,200億円,2億円,1%,近畿,兵庫県,姫路
明石タコ焼き屋,食品,1000万円,700万円,70%,近畿,兵庫県,明石
明石タコ焼き屋,食品,1000万円,700万円,70%,近畿,兵庫県,明石
明石タコ焼き屋,食品,1000万円,700万円,70%,近畿,兵庫県,明石
明石タコ焼き屋,食品,1000万円,700万円,70%,近畿,兵庫県,明石
海鮮市場,水産,6億円,1200万円,2%,近畿,兵庫県,明石
麦わら細工屋,商業,1000万円,500万円,50%,近畿,兵庫県,城崎
間人蟹料理屋,食品,8億円,8000万円,10%,近畿,兵庫県,城崎
カニ割烹旅館,観光,20億円,1億4000万円,7%,近畿,兵庫県,城崎
但馬牛屋,食品,4億円,1600万円,4%,近畿,兵庫県,城崎
但馬牛屋,食品,4億円,1600万円,4%,近畿,兵庫県,城崎
醤油工房,食品,3億円,900万円,3%,近畿,兵庫県,城崎
水族館,観光,7億円,1400万円,2%,近畿,兵庫県,城崎
城崎温泉旅館,観光,10億円,2000万円,2%,近畿,兵庫県,城崎
すきやきパン屋,食品,1000万円,500万円,50%,近畿,兵庫県,三田
丹波松茸屋,食品,5億円,3500万円,7%,近畿,兵庫県,三田
三田牛ステーキ屋,食品,3億円,900万円,3%,近畿,兵庫県,三田
丹波栗屋,食品,1億円,200万円,2%,近畿,兵庫県,三田
丹波栗屋,食品,1億円,200万円,2%,近畿,兵庫県,三田
炭酸せんべい屋,食品,1000万円,500万円,50%,近畿,兵庫県,有馬
炭酸せんべい屋,食品,1000万円,500万円,50%,近畿,兵庫県,有馬
老舗日本旅館,観光,50億円,4億円,8%,近畿,兵庫県,有馬
日本旅館,観光,10億円,4000万円,4%,近畿,兵庫県,有馬
日本旅館,観光,10億円,4000万円,4%,近畿,兵庫県,有馬
牛乳スープ鍋屋,食品,1000万円,1000万円,100%,近畿,奈良県,橿原
柿の葉寿司屋,食品,1000万円,500万円,50%,近畿,奈良県,橿原
石舞台グッズ屋,観光,1000万円,500万円,50%,近畿,奈良県,橿原
富有柿園,農林,1億円,1000万円,10%,近畿,奈良県,橿原
富有柿園,農林,1億円,1000万円,10%,近畿,奈良県,橿原
柿の葉寿司屋,食品,1000万円,800万円,80%,近畿,奈良県,五條
柿の葉寿司屋,食品,1000万円,800万円,80%,近畿,奈良県,五條
富有柿園,農林,3億円,3000万円,10%,近畿,奈良県,五條
富有柿園,農林,3億円,3000万円,10%,近畿,奈良県,五條
柿ワイン工場,食品,5億円,2000万円,4%,近畿,奈良県,五條
柿の葉ずし屋,食品,1000万円,700万円,70%,近畿,奈良県,奈良
柿の葉ずし屋,食品,1000万円,700万円,70%,近畿,奈良県,奈良
せんとくんグッズ屋,観光,1000万円,500万円,50%,近畿,奈良県,奈良
巾着きつねうどん屋,食品,1000万円,500万円,50%,近畿,奈良県,奈良
シカせんべい屋,食品,1000万円,250万円,25%,近畿,奈良県,奈良
日本旅館,観光,3億円,900万円,3%,近畿,奈良県,奈良
日本旅館,観光,3億円,900万円,3%,近畿,奈良県,奈良
ならまち散歩道,観光,79億円,2億3700万円,3%,近畿,奈良県,奈良
和歌山ラーメン屋,食品,1000万円,800万円,80%,近畿,和歌山県,和歌山
富有柿園,農林,5000万円,500万円,10%,近畿,和歌山県,和歌山
梅干し林,農林,1億円,1000万円,10%,近畿,和歌山県,和歌山
梅干し林,農林,1億円,1000万円,10%,近畿,和歌山県,和歌山
ミカン園,農林,5000万円,400万円,8%,近畿,和歌山県,和歌山
ミカン園,農林,5000万円,400万円,8%,近畿,和歌山県,和歌山
ミカン園,農林,5000万円,400万円,8%,近畿,和歌山県,和歌山
ミカン園,農林,5000万円,400万円,8%,近畿,和歌山県,和歌山
めはり寿司屋,食品,1000万円,700万円,70%,近畿,和歌山県,新宮
さんま寿司屋,食品,1000万円,500万円,50%,近畿,和歌山県,新宮
さんま寿司屋,食品,1000万円,500万円,50%,近畿,和歌山県,新宮
ミカン園,農林,5000万円,400万円,8%,近畿,和歌山県,新宮
ヨシノスギ林,農林,1億円,400万円,4%,近畿,和歌山県,新宮
ヨシノスギ林,農林,1億円,400万円,4%,近畿,和歌山県,新宮
ヨシノスギ林,農林,1億円,400万円,4%,近畿,和歌山県,新宮
木材集積所,農林,3億円,600万円,2%,近畿,和歌山県,新宮
せち焼き屋,食品,1000万円,500万円,50%,近畿,和歌山県,御坊
ジャンボかまぼこ屋,食品,1000万円,500万円,50%,近畿,和歌山県,御坊
ミカン園,農林,5000万円,400万円,8%,近畿,和歌山県,御坊
ミカン園,農林,5000万円,400万円,8%,近畿,和歌山県,御坊
ピーマン畑,農林,3000万円,150万円,5%,近畿,和歌山県,御坊
梅林,農林,8000万円,400万円,5%,近畿,和歌山県,御坊
梅林,農林,8000万円,400万円,5%,近畿,和歌山県,御坊
麻雀牌工場,工業,10億円,1000万円,1%,近畿,和歌山県,御坊
ミカン園,農林,5000万円,400万円,8%,近畿,和歌山県,白浜
ミカン園,農林,5000万円,400万円,8%,近畿,和歌山県,白浜
レタス栽培,農林,3000万円,150万円,5%,近畿,和歌山県,白浜
パンダパーク,観光,15億円,4500万円,3%,近畿,和歌山県,白浜
ゴルフ場,観光,30億円,6000万円,2%,近畿,和歌山県,白浜
日本旅館,観光,10億円,1000万円,1%,近畿,和歌山県,白浜
日本旅館,観光,10億円,1000万円,1%,近畿,和歌山県,白浜
ホテル,観光,20億円,2000万円,1%,近畿,和歌山県,白浜
豆腐ちくわ屋,食品,1000万円,500万円,50%,中国,鳥取県,鳥取
ピンクカレー屋,食品,1000万円,500万円,50%,中国,鳥取県,鳥取
新甘泉梨園,農林,2億円,2000万円,10%,中国,鳥取県,鳥取
新甘泉梨園,農林,2億円,2000万円,10%,中国,鳥取県,鳥取
スイカ畑,農林,5000万円,400万円,8%,中国,鳥取県,鳥取
二十世紀梨園,農林,8000万円,640万円,8%,中国,鳥取県,鳥取
ナガイモ畑,農林,5000万円,250万円,5%,中国,鳥取県,鳥取
ラッキョウ畑,農林,5000万円,250万円,5%,中国,鳥取県,鳥取
ののこめし屋,食品,1000万円,500万円,50%,中国,鳥取県,境港
海鮮市場,水産,4億円,400万円,1%,中国,鳥取県,境港
イワシ漁船団,水産,6億円,600万円,1%,中国,鳥取県,境港
ベニズワイガニ漁船団,水産,10億円,2000万円,2%,中国,鳥取県,境港
妖怪ロード,観光,80億円,5億6000万円,7%,中国,鳥取県,境港
源氏あん巻屋,食品,3000万円,3000万円,100%,中国,島根県,津和野
源氏あん巻屋,食品,3000万円,3000万円,100%,中国,島根県,津和野
源氏あん巻屋,食品,3000万円,3000万円,100%,中国,島根県,津和野
うずめ飯屋,食品,1000万円,500万円,50%,中国,島根県,津和野
武家屋敷,観光,20億円,4000万円,2%,中国,島根県,津和野
石州和紙工房,商業,1億円,100万円,1%,中国,島根県,津和野
酒蔵,食品,3億円,300万円,1%,中国,島根県,津和野
明治の文豪記念館,観光,11億円,1100万円,1%,中国,島根県,津和野
下駄の歯せんべい屋,食品,1000万円,800万円,80%,中国,島根県,石見銀山
ブリキ屋,商業,1000万円,500万円,50%,中国,島根県,石見銀山
ボベ飯屋,食品,1000万円,500万円,50%,中国,島根県,石見銀山
銀山の町並み,観光,80億円,3億2000万円,4%,中国,島根県,石見銀山
医療器具工場,工業,20億円,6000万円,3%,中国,島根県,石見銀山
赤天ぷら屋,食品,1000万円,800万円,80%,中国,島根県,浜田
かれいカレー屋,食品,1000万円,500万円,50%,中国,島根県,浜田
石州和紙工房,商業,1億円,300万円,3%,中国,島根県,浜田
石州和紙工房,商業,1億円,300万円,3%,中国,島根県,浜田
お魚センター,食品,3億円,900万円,3%,中国,島根県,浜田
出雲そば屋,食品,1000万円,500万円,50%,中国,島根県,出雲
出雲そば屋,食品,1000万円,500万円,50%,中国,島根県,出雲
出雲そば屋,食品,1000万円,500万円,50%,中国,島根県,出雲
出雲そば屋,食品,1000万円,500万円,50%,中国,島根県,出雲
出雲そば屋,食品,1000万円,500万円,50%,中国,島根県,出雲
出雲そば屋,食品,1000万円,500万円,50%,中国,島根県,出雲
出雲そば屋,食品,1000万円,500万円,50%,中国,島根県,出雲
出雲そば屋,食品,1000万円,500万円,50%,中国,島根県,出雲
かまあげそば屋,食品,1000万円,500万円,50%,中国,島根県,松江
しじみ料理屋,食品,1000万円,500万円,50%,中国,島根県,松江
しじみ料理屋,食品,1000万円,500万円,50%,中国,島根県,松江
ぼてぼて茶屋,食品,1000万円,250万円,25%,中国,島根県,松江
うなぎ料理屋,食品,5000万円,1250万円,25%,中国,島根県,松江
島根牛牧場,農林,3億円,600万円,2%,中国,島根県,松江
和菓子屋,食品,2億円,200万円,1%,中国,島根県,松江
和菓子屋,食品,2億円,200万円,1%,中国,島根県,松江
どじょうすくい教室,商業,200万円,100万円,50%,中国,島根県,安来
ヤスキ包丁工房,商業,3000万円,1500万円,50%,中国,島根県,安来
庭園美術館,観光,10億円,5000万円,5%,中国,島根県,安来
安来織物工房,商業,1億円,100万円,1%,中国,島根県,安来
たたら鉄記念館,観光,4億円,400万円,1%,中国,島根県,安来
薬用人参畑,農林,3億円,4500万円,15%,中国,島根県,大根島
薬用人参畑,農林,3億円,4500万円,15%,中国,島根県,大根島
薬用人参畑,農林,3億円,4500万円,15%,中国,島根県,大根島
牡丹パーク,観光,5億円,3500万円,7%,中国,島根県,大根島
ダイコン畑,農林,5000万円,250万円,5%,中国,島根県,大根島
桃太郎グッズ屋,観光,1000万円,1000万円,100%,中国,岡山県,倉敷
銘菓むらすずめ屋,食品,1000万円,500万円,50%,中国,岡山県,倉敷
ぶっかけうどん屋,食品,1000万円,500万円,50%,中国,岡山県,倉敷
桃園,農林,3億円,600万円,2%,中国,岡山県,倉敷
倉敷帆布工場,商業,1億円,100万円,1%,中国,岡山県,倉敷
ジーンズ工場,商業,2億円,200万円,1%,中国,岡山県,倉敷
美術館,観光,4億円,400万円,1%,中国,岡山県,倉敷
美術館,観光,4億円,400万円,1%,中国,岡山県,倉敷
カキオコ屋,食品,1000万円,1000万円,100%,中国,岡山県,日生
カキオコ屋,食品,1000万円,1000万円,100%,中国,岡山県,日生
焼きあなご屋,食品,1000万円,500万円,50%,中国,岡山県,日生
焼きあなご屋,食品,1000万円,500万円,50%,中国,岡山県,日生
備前焼き物工房,商業,3億円,900万円,3%,中国,岡山県,日生
蒜山焼そば屋,食品,1000万円,500万円,50%,中国,岡山県,蒜山
蒜山焼そば屋,食品,1000万円,500万円,50%,中国,岡山県,蒜山
ジャージー牛牧場,農林,3億円,1200万円,4%,中国,岡山県,蒜山
ジャージー牛牧場,農林,3億円,1200万円,4%,中国,岡山県,蒜山
ジャージー牛牧場,農林,3億円,1200万円,4%,中国,岡山県,蒜山
きびだんご屋,食品,1000万円,250万円,25%,中国,岡山県,岡山
きびだんご屋,食品,1000万円,250万円,25%,中国,岡山県,岡山
ままかり寿し屋,食品,1000万円,250万円,25%,中国,岡山県,岡山
白桃園,農林,4億円,2800万円,7%,中国,岡山県,岡山
白桃園,農林,4億円,2800万円,7%,中国,岡山県,岡山
白桃園,農林,4億円,2800万円,7%,中国,岡山県,岡山
ピオーネぶどう園,農林,2億円,1000万円,5%,中国,岡山県,岡山
桃太郎ランド,観光,10兆円,1000億円,1%,中国,岡山県,岡山
おにぎり屋,食品,1000万円,1000万円,100%,中国,広島県,広島
広島レモンケーキ屋,食品,1000万円,800万円,80%,中国,広島県,広島
広島風お好み焼き屋,食品,1000万円,800万円,80%,中国,広島県,広島
広島風お好み焼き屋,食品,1000万円,800万円,80%,中国,広島県,広島
紅葉まんじゅう屋,食品,1000万円,700万円,70%,中国,広島県,広島
プロ野球チーム,観光,79億円,3億9500万円,5%,中国,広島県,広島
ソース工場,食品,4億円,800万円,2%,中国,広島県,広島
自動車工場,工業,400億円,4億円,1%,中国,広島県,広島
ぬるい冷麺屋,食品,1000万円,1000万円,100%,中国,広島県,呉
肉じゃが屋,食品,1000万円,500万円,50%,中国,広島県,呉
海軍カレー屋,食品,1000万円,500万円,50%,中国,広島県,呉
海軍カレー屋,食品,1000万円,500万円,50%,中国,広島県,呉
うまいでがんす屋,食品,1000万円,500万円,50%,中国,広島県,呉
胡蝶蘭園,農林,8億円,3200万円,4%,中国,広島県,呉
潜水艦記念館,観光,16億円,1600万円,1%,中国,広島県,呉
戦艦大和記念館,観光,65億円,6500万円,1%,中国,広島県,呉
レモンケーキ屋,食品,1000万円,1000万円,100%,中国,広島県,生口島
レモン園,農林,3億円,3000万円,10%,中国,広島県,生口島
レモン園,農林,3億円,3000万円,10%,中国,広島県,生口島
レモン園,農林,3億円,3000万円,10%,中国,広島県,生口島
平和を願う美術館,観光,10億円,3000万円,3%,中国,広島県,生口島
広島風お好み焼き屋,食品,1000万円,800万円,80%,中国,広島県,宮島
広島風お好み焼き屋,食品,1000万円,800万円,80%,中国,広島県,宮島
広島風お好み焼き屋,食品,1000万円,800万円,80%,中国,広島県,宮島
あなご飯屋,食品,1000万円,800万円,80%,中国,広島県,宮島
紅葉まんじゅう屋,食品,1000万円,700万円,70%,中国,広島県,宮島
紅葉まんじゅう屋,食品,1000万円,700万円,70%,中国,広島県,宮島
紅葉まんじゅう屋,食品,1000万円,700万円,70%,中国,広島県,宮島
しゃもじ工房,商業,1億円,100万円,1%,中国,広島県,宮島
尾道お好み焼き,食品,1000万円,800万円,80%,中国,広島県,尾道
尾道ラーメン屋,食品,1000万円,500万円,50%,中国,広島県,尾道
レモン園,農林,3億円,2400万円,8%,中国,広島県,尾道
レモン園,農林,3億円,2400万円,8%,中国,広島県,尾道
造船所,工業,1500億円,60億円,4%,中国,広島県,尾道
造船所,工業,1500億円,60億円,4%,中国,広島県,尾道
ゴム工場,工業,33億円,9900万円,3%,中国,広島県,尾道
海が見えるカフェ,食品,1000万円,500万円,50%,中国,広島県,鞆の浦
お寿司ホテル,観光,5億円,2500万円,5%,中国,広島県,鞆の浦
保命酒工場,食品,3億円,900万円,3%,中国,広島県,鞆の浦
いろは丸博物館,観光,2億円,200万円,1%,中国,広島県,鞆の浦
造船所,工業,1700億円,17億円,1%,中国,広島県,鞆の浦
スイトピー園,農林,5000万円,250万円,5%,中国,広島県,福山
くわい畑,農林,8000万円,400万円,5%,中国,広島県,福山
くわい畑,農林,8000万円,400万円,5%,中国,広島県,福山
鉄鋼工場,工業,400億円,12億円,3%,中国,広島県,福山
運輸会社,商業,200億円,4億円,2%,中国,広島県,福山
琴製造工場,商業,2億円,200万円,1%,中国,広島県,福山
紳士服工場,商業,40億円,4000万円,1%,中国,広島県,福山
製鉄所,工業,180億円,1億8000万円,1%,中国,広島県,福山
うに釜めし屋,食品,1000万円,1000万円,100%,中国,山口県,萩
しそわかめ屋,食品,1000万円,500万円,50%,中国,山口県,萩
明治維新グッズ屋,観光,3000万円,1500万円,50%,中国,山口県,萩
明治維新博物館,観光,32億円,1億2800万円,4%,中国,山口県,萩
萩焼き物工房,商業,3億円,900万円,3%,中国,山口県,萩
萩焼き物工房,商業,3億円,900万円,3%,中国,山口県,萩
夏みかん園,農林,1億円,200万円,2%,中国,山口県,萩
夏みかん園,農林,1億円,200万円,2%,中国,山口県,萩
ういろう屋,食品,1000万円,1000万円,100%,中国,山口県,湯田温泉
ういろう屋,食品,1000万円,1000万円,100%,中国,山口県,湯田温泉
明治維新の宿,観光,36億円,1億4400万円,4%,中国,山口県,湯田温泉
夭折の詩人記念館,観光,9億円,2700万円,3%,中国,山口県,湯田温泉
ういろうの里,観光,10億円,1000万円,1%,中国,山口県,湯田温泉
ういろう屋,食品,1000万円,1000万円,100%,中国,山口県,山口
ういろう屋,食品,1000万円,1000万円,100%,中国,山口県,山口
ばりそば屋,食品,1000万円,800万円,80%,中国,山口県,山口
ばりそば屋,食品,1000万円,800万円,80%,中国,山口県,山口
大内塗り物工房,商業,1億円,500万円,5%,中国,山口県,山口
フリース衣料工場,商業,300億円,15億円,5%,中国,山口県,山口
ういろうの里,観光,10億円,3000万円,3%,中国,山口県,山口
ザビエル記念堂,観光,18億円,1800万円,1%,中国,山口県,山口
うに丼屋,食品,1000万円,800万円,80%,中国,山口県,下関
うに丼屋,食品,1000万円,800万円,80%,中国,山口県,下関
瓦そば屋,食品,1億円,1000万円,10%,中国,山口県,下関
フグ料理屋,食品,4億円,1600万円,4%,中国,山口県,下関
フグ料理屋,食品,4億円,1600万円,4%,中国,山口県,下関
フグ料理屋,食品,4億円,1600万円,4%,中国,山口県,下関
フグ料理屋,食品,4億円,1600万円,4%,中国,山口県,下関
給湯設備工場,工業,70億円,1億4000万円,2%,中国,山口県,下関
仙崎かまぼこ屋,食品,1000万円,500万円,50%,中国,山口県,仙崎
仙崎かまぼこ屋,食品,1000万円,500万円,50%,中国,山口県,仙崎
ウニ丼屋,食品,1000万円,500万円,50%,中国,山口県,仙崎
仙崎イカ漁,水産,3億円,900万円,3%,中国,山口県,仙崎
童謡詩人記念館,観光,8億円,1600万円,2%,中国,山口県,仙崎
宇部かまぼこ屋,食品,1000万円,500万円,50%,中国,山口県,宇部
セラミクス工場,工業,1200億円,48億円,4%,中国,山口県,宇部
ペリカンプリン屋,食品,1億円,300万円,3%,中国,山口県,宇部
チタン工場,工業,50億円,1億円,2%,中国,山口県,宇部
セメント工場,工業,20億円,2000万円,1%,中国,山口県,宇部
金魚ちょうちん屋,観光,1000万円,500万円,50%,中国,山口県,柳井
金魚ちょうちん屋,観光,1000万円,500万円,50%,中国,山口県,柳井
白壁の町並み,観光,20億円,4000万円,2%,中国,山口県,柳井
甘露醤油工場,食品,4億円,400万円,1%,中国,山口県,柳井
甘露醤油工場,食品,4億円,400万円,1%,中国,山口県,柳井
錦帯橋グッズ屋,観光,1000万円,500万円,50%,中国,山口県,岩国
岩国寿司屋,食品,1000万円,500万円,50%,中国,山口県,岩国
岩国寿司屋,食品,1000万円,500万円,50%,中国,山口県,岩国
山賊レストラン,食品,1億円,300万円,3%,中国,山口県,岩国
パルプ工場,工業,3億円,900万円,3%,中国,山口県,岩国
チョコまん屋,食品,1000万円,2000万円,200%,四国,徳島県,徳島
徳島ラーメン屋,食品,1000万円,1000万円,100%,四国,徳島県,徳島
金時豆お好み焼き屋,食品,1000万円,800万円,80%,四国,徳島県,徳島
すだち園,農林,1億円,700万円,7%,四国,徳島県,徳島
すだち園,農林,1億円,700万円,7%,四国,徳島県,徳島
カップめん工場,食品,8億円,4000万円,5%,四国,徳島県,徳島
ソフトウェア会社,工業,122億円,4億8800万円,4%,四国,徳島県,徳島
阿波おどり記念館,観光,33億円,9900万円,3%,四国,徳島県,徳島
鳴門わかめ屋,食品,1000万円,500万円,50%,四国,徳島県,鳴門
レンコン畑,農林,1億円,1000万円,10%,四国,徳島県,鳴門
鳴門金時畑,農林,3億円,3000万円,10%,四国,徳島県,鳴門
すだち園,農林,1億円,700万円,7%,四国,徳島県,鳴門
すだち園,農林,1億円,700万円,7%,四国,徳島県,鳴門
製薬工場,工業,60億円,4億2000万円,7%,四国,徳島県,鳴門
栄養補給飲料工場,食品,400億円,28億円,7%,四国,徳島県,鳴門
国際陶板美術館,観光,400億円,20億円,5%,四国,徳島県,鳴門
しょうゆ豆屋,食品,1000万円,1000万円,100%,四国,香川県,高松
さぬきうどん屋,食品,1000万円,1000万円,100%,四国,香川県,高松
さぬきうどん屋,食品,1000万円,1000万円,100%,四国,香川県,高松
さぬきうどん屋,食品,1000万円,1000万円,100%,四国,香川県,高松
石材店,工業,3億円,1500万円,5%,四国,香川県,高松
骨付き鳥屋,食品,1億円,400万円,4%,四国,香川県,高松
マンション工務店,工業,40億円,1億6000万円,4%,四国,香川県,高松
クレーン車工場,工業,103億円,1億300万円,1%,四国,香川県,高松
ぴっぴ飯屋,食品,1000万円,500万円,50%,四国,香川県,坂出
和菓子屋,食品,1000万円,500万円,50%,四国,香川県,坂出
産業用ガス工場,工業,32億円,9600万円,3%,四国,香川県,坂出
醤油工場,食品,2億円,400万円,2%,四国,香川県,坂出
造船所,工業,100億円,2億円,2%,四国,香川県,坂出
造船所,工業,100億円,2億円,2%,四国,香川県,坂出
ケミカル工場,工業,40億円,4000万円,1%,四国,香川県,坂出
化学工場,工業,400億円,4億円,1%,四国,香川県,坂出
レタス畑,農林,8000万円,400万円,5%,四国,香川県,さぬき
レタス畑,農林,8000万円,400万円,5%,四国,香川県,さぬき
レタス畑,農林,8000万円,400万円,5%,四国,香川県,さぬき
和三盆工場,食品,2億円,1000万円,5%,四国,香川県,さぬき
平賀源内記念館,観光,4億円,400万円,1%,四国,香川県,さぬき
焼き豚玉子めし屋,食品,1000万円,1000万円,100%,四国,愛媛県,今治
焼き豚玉子めし屋,食品,1000万円,1000万円,100%,四国,愛媛県,今治
みかん大福屋,食品,1000万円,500万円,50%,四国,愛媛県,今治
鉄板やきとり屋,食品,1000万円,250万円,25%,四国,愛媛県,今治
タオル工場,工業,1億円,300万円,3%,四国,愛媛県,今治
焼肉のたれ工場,食品,80億円,2億4000万円,3%,四国,愛媛県,今治
造船所,工業,200億円,2億円,1%,四国,愛媛県,今治
造船所,工業,200億円,2億円,1%,四国,愛媛県,今治
夏目漱石グッズ屋,観光,3000万円,3000万円,100%,四国,愛媛県,松山
正岡子規グッズ屋,観光,3000万円,3000万円,100%,四国,愛媛県,松山
タルト屋,食品,3000万円,1500万円,50%,四国,愛媛県,松山
タルト屋,食品,3000万円,1500万円,50%,四国,愛媛県,松山
霧の森大福屋,食品,1億円,2000万円,20%,四国,愛媛県,松山
映画監督記念館,観光,13億円,1億3000万円,10%,四国,愛媛県,松山
ミカン園,農林,5000万円,250万円,5%,四国,愛媛県,松山
農業機械工場,工業,230億円,2億3000万円,1%,四国,愛媛県,松山
とんかつパフェ屋,食品,1億円,1億円,100%,四国,愛媛県,道後
坊ちゃん団子屋,食品,1000万円,500万円,50%,四国,愛媛県,道後
坊ちゃん団子屋,食品,1000万円,500万円,50%,四国,愛媛県,道後
ミカンおにぎり屋,食品,1000万円,500万円,50%,四国,愛媛県,道後
タルト屋,食品,3000万円,1500万円,50%,四国,愛媛県,道後
タルト屋,食品,3000万円,1500万円,50%,四国,愛媛県,道後
ミカン園,農林,5000万円,250万円,5%,四国,愛媛県,道後
道後温泉郷,観光,300億円,3億円,1%,四国,愛媛県,道後
じゃこ天屋,食品,1000万円,500万円,50%,四国,愛媛県,宇和島
鯛そうめん屋,食品,1000万円,500万円,50%,四国,愛媛県,宇和島
鯛めし屋,食品,3000万円,1500万円,50%,四国,愛媛県,宇和島
鯛めし屋,食品,3000万円,1500万円,50%,四国,愛媛県,宇和島
ミカン園,農林,5000万円,250万円,5%,四国,愛媛県,宇和島
ミカン園,農林,5000万円,250万円,5%,四国,愛媛県,宇和島
パーティグッズ工場,工業,10億円,4000万円,4%,四国,愛媛県,宇和島
闘牛場,観光,3億円,300万円,1%,四国,愛媛県,宇和島
青いレモン園,農林,3億円,1500万円,5%,四国,愛媛県,大三島
青いレモン園,農林,3億円,1500万円,5%,四国,愛媛県,大三島
青いレモン園,農林,3億円,1500万円,5%,四国,愛媛県,大三島
伯方の塩工場,食品,40億円,8000万円,2%,四国,愛媛県,大三島
伯方の塩工場,食品,40億円,8000万円,2%,四国,愛媛県,大三島
霧の森大福工場,食品,2億円,800万円,4%,四国,愛媛県,四国中央
不織布工場,工業,60億円,1億8000万円,3%,四国,愛媛県,四国中央
おむつ用品工場,工業,160億円,3億2000万円,2%,四国,愛媛県,四国中央
合成樹脂工場,工業,80億円,8000万円,1%,四国,愛媛県,四国中央
製紙工場,工業,300億円,3億円,1%,四国,愛媛県,四国中央
鍋焼きラーメン屋,食品,1000万円,1000万円,100%,四国,高知県,須崎
鍋焼きラーメン屋,食品,1000万円,1000万円,100%,四国,高知県,須崎
鍋焼きラーメン屋,食品,1000万円,1000万円,100%,四国,高知県,須崎
鍋焼きラーメン屋,食品,1000万円,1000万円,100%,四国,高知県,須崎
かわうそグッズ屋,観光,1000万円,500万円,50%,四国,高知県,須崎
みょうが畑,農林,8000万円,800万円,10%,四国,高知県,須崎
みょうが畑,農林,8000万円,800万円,10%,四国,高知県,須崎
セメント工場,工業,40億円,4000万円,1%,四国,高知県,須崎
帽子パン屋,食品,1000万円,1000万円,100%,四国,高知県,高知
穴子の稚魚料理屋,食品,1000万円,500万円,50%,四国,高知県,高知
トマト園,農林,8000万円,800万円,10%,四国,高知県,高知
おひろめ屋台村,食品,4億円,4000万円,10%,四国,高知県,高知
小夏園,農林,5000万円,400万円,8%,四国,高知県,高知
カツオのたたき屋,食品,1億円,200万円,2%,四国,高知県,高知
帯屋町アーケード街,商業,20億円,4000万円,2%,四国,高知県,高知
皿鉢料理屋,食品,2億円,200万円,1%,四国,高知県,高知
青のり漁,水産,5000万円,5000万円,100%,四国,高知県,四万十川
あゆ料理屋,食品,1000万円,700万円,70%,四国,高知県,四万十川
あゆ料理屋,食品,1000万円,700万円,70%,四国,高知県,四万十川
うなぎ料理屋,食品,1億円,500万円,5%,四国,高知県,四万十川
うなぎ料理屋,食品,1億円,500万円,5%,四国,高知県,四万十川
フィギュア博物館,観光,5億円,2500万円,5%,四国,高知県,四万十川
四万十川遊覧船,観光,2億円,400万円,2%,四国,高知県,四万十川
ナス畑,農林,5000万円,500万円,10%,四国,高知県,安芸
ナス畑,農林,5000万円,500万円,10%,四国,高知県,安芸
ユズ園,農林,8000万円,800万円,10%,四国,高知県,安芸
ユズ園,農林,8000万円,800万円,10%,四国,高知県,安芸
土佐ジロー養鶏場,農林,3億円,900万円,3%,四国,高知県,安芸
芋けんぴ工場,食品,1億円,300万円,3%,四国,高知県,土佐清水
塩けんぴ工場,食品,2億円,600万円,3%,四国,高知県,土佐清水
カツオブシ工場,水産,3億円,900万円,3%,四国,高知県,土佐清水
カツオブシ工場,水産,3億円,900万円,3%,四国,高知県,土佐清水
ジョン万記念館,観光,8億円,2400万円,3%,四国,高知県,土佐清水
かしわめし屋,食品,1000万円,2000万円,200%,九州,福岡県,小倉
豚まん屋,食品,1000万円,800万円,80%,九州,福岡県,小倉
じんだ煮屋,食品,1000万円,800万円,80%,九州,福岡県,小倉
ぴよぴよまん屋,食品,1000万円,500万円,50%,九州,福岡県,小倉
焼きうどん屋,食品,1000万円,500万円,50%,九州,福岡県,小倉
焼きうどん屋,食品,1000万円,500万円,50%,九州,福岡県,小倉
住宅地図製作会社,商業,60億円,2億4000万円,4%,九州,福岡県,小倉
トイレ工場,工業,100億円,3億円,3%,九州,福岡県,小倉
やわらかクッキー屋,食品,1000万円,2000万円,200%,九州,福岡県,飯塚
白あんまんじゅう屋,食品,1000万円,800万円,80%,九州,福岡県,飯塚
チロルクッキー屋,食品,1000万円,500万円,50%,九州,福岡県,飯塚
ラズベリーパイ屋,食品,1000万円,500万円,50%,九州,福岡県,飯塚
ぴよぴよまん工場,食品,3億円,1200万円,4%,九州,福岡県,飯塚
焼きカレー屋,食品,1000万円,1000万円,100%,九州,福岡県,門司港
焼きカレー屋,食品,1000万円,1000万円,100%,九州,福岡県,門司港
バナナようかん屋,食品,1000万円,500万円,50%,九州,福岡県,門司港
門司港レトロ街,観光,100億円,10億円,10%,九州,福岡県,門司港
鉄道記念パーク,観光,80億円,8000万円,1%,九州,福岡県,門司港
野菜巻き串,食品,1000万円,1000万円,100%,九州,福岡県,中州
ひとくち餃子屋,食品,1000万円,1000万円,100%,九州,福岡県,中州
角のうどん屋,食品,1000万円,1000万円,100%,九州,福岡県,中州
博多ラーメン屋,食品,1000万円,700万円,70%,九州,福岡県,中州
屋台村,食品,10億円,5000万円,5%,九州,福岡県,中州
イカ料理屋,食品,2億円,800万円,4%,九州,福岡県,中州
老舗うなぎ屋,食品,4億円,1200万円,3%,九州,福岡県,中州
カナリヤシティ,観光,1000億円,10億円,1%,九州,福岡県,中州
カキ小屋,食品,1000万円,800万円,80%,九州,福岡県,糸島
カキ小屋,食品,1000万円,800万円,80%,九州,福岡県,糸島
糸島うどん屋,食品,1000万円,500万円,50%,九州,福岡県,糸島
あまおうイチゴ園,農林,3億円,4500万円,15%,九州,福岡県,糸島
あまおうイチゴ園,農林,3億円,4500万円,15%,九州,福岡県,糸島
博多通りまん屋,食品,1000万円,800万円,80%,九州,福岡県,博多
博多ラーメン屋,食品,1000万円,700万円,70%,九州,福岡県,博多
博多ラーメン屋,食品,1000万円,700万円,70%,九州,福岡県,博多
大型カメラ店,商業,20億円,2億円,10%,九州,福岡県,博多
ヒアルロン酸工場,商業,140億円,7億円,5%,九州,福岡県,博多
プロ野球チーム,観光,80億円,3億2000万円,4%,九州,福岡県,博多
明太子屋,食品,1億円,300万円,3%,九州,福岡県,博多
博多人形工房,商業,3億円,600万円,2%,九州,福岡県,博多
葛きり屋,食品,1000万円,800万円,80%,九州,福岡県,秋月
葛きり屋,食品,1000万円,800万円,80%,九州,福岡県,秋月
富有柿園,農林,1億円,700万円,7%,九州,福岡県,秋月
高取焼き物工房,商業,3億円,600万円,2%,九州,福岡県,秋月
高取焼き物工房,商業,3億円,600万円,2%,九州,福岡県,秋月
久留米ラーメン屋,食品,1000万円,800万円,80%,九州,福岡県,久留米
久留米ラーメン屋,食品,1000万円,800万円,80%,九州,福岡県,久留米
焼き鳥屋,食品,1000万円,500万円,50%,九州,福岡県,久留米
あまおうイチゴ園,農林,5000万円,400万円,8%,九州,福岡県,久留米
あまおうイチゴ園,農林,5000万円,400万円,8%,九州,福岡県,久留米
アイス饅頭工場,食品,101億円,3億300万円,3%,九州,福岡県,久留米
靴工場,商業,10億円,2000万円,2%,九州,福岡県,久留米
タイヤ工場,工業,1200億円,24億円,2%,九州,福岡県,久留米
梅が枝餅屋,食品,1000万円,500万円,50%,九州,福岡県,太宰府
梅が枝餅屋,食品,1000万円,500万円,50%,九州,福岡県,太宰府
梅が枝餅屋,食品,1000万円,500万円,50%,九州,福岡県,太宰府
梅が枝餅屋,食品,1000万円,500万円,50%,九州,福岡県,太宰府
太宰府博物館,観光,230億円,2億3000万円,1%,九州,福岡県,太宰府
松露まんじゅう屋,食品,1000万円,1000万円,100%,九州,佐賀県,唐津
松露まんじゅう屋,食品,1000万円,1000万円,100%,九州,佐賀県,唐津
魚ロッケ屋,食品,1000万円,500万円,50%,九州,佐賀県,唐津
イカの活き造り屋,食品,2億円,2000万円,10%,九州,佐賀県,唐津
唐津焼き物工房,商業,1億円,100万円,1%,九州,佐賀県,唐津
有田焼きカレー屋,食品,1000万円,800万円,80%,九州,佐賀県,有田
有田焼き物工房,商業,8億円,800万円,1%,九州,佐賀県,有田
有田焼き物工房,商業,8億円,800万円,1%,九州,佐賀県,有田
有田焼き物工房,商業,8億円,800万円,1%,九州,佐賀県,有田
セラミックパーク,観光,40億円,4000万円,1%,九州,佐賀県,有田
丸ぼうろ屋,食品,1000万円,800万円,80%,九州,佐賀県,佐賀
丸ぼうろ屋,食品,1000万円,800万円,80%,九州,佐賀県,佐賀
焼き菓子屋,食品,1000万円,500万円,50%,九州,佐賀県,佐賀
シシリアンライス屋,食品,1000万円,500万円,50%,九州,佐賀県,佐賀
とよのかイチゴ園,農林,5000万円,500万円,10%,九州,佐賀県,佐賀
とよのかイチゴ園,農林,5000万円,500万円,10%,九州,佐賀県,佐賀
佐賀牛屋,食品,4億円,800万円,2%,九州,佐賀県,佐賀
本丸歴史館,観光,32億円,6400万円,2%,九州,佐賀県,佐賀
小城ようかん屋,食品,1000万円,250万円,25%,九州,佐賀県,小城
小城ようかん屋,食品,1000万円,250万円,25%,九州,佐賀県,小城
小城ようかん屋,食品,1000万円,250万円,25%,九州,佐賀県,小城
小城ようかん屋,食品,1000万円,250万円,25%,九州,佐賀県,小城
小城ようかん屋,食品,1000万円,250万円,25%,九州,佐賀県,小城
伊万里梨園,農林,5000万円,250万円,5%,九州,佐賀県,伊万里
伊万里梨園,農林,5000万円,250万円,5%,九州,佐賀県,伊万里
伊万里焼き物工房,商業,3億円,1200万円,4%,九州,佐賀県,伊万里
伊万里焼き物工房,商業,3億円,1200万円,4%,九州,佐賀県,伊万里
伊万里焼き物工房,商業,3億円,1200万円,4%,九州,佐賀県,伊万里
湿布薬品工場,工業,80億円,3億2000万円,4%,九州,佐賀県,鳥栖
自転車タイヤ工場,工業,88億円,3億5200万円,4%,九州,佐賀県,鳥栖
デザート工場,食品,5億円,1000万円,2%,九州,佐賀県,鳥栖
鶏肉加工工場,食品,12億円,2400万円,2%,九州,佐賀県,鳥栖
プラスチック工場,工業,26億円,5200万円,2%,九州,佐賀県,鳥栖
角煮まんじゅう屋,食品,1000万円,1000万円,100%,九州,長崎県,長崎
鯨カツ弁当屋,食品,1000万円,1000万円,100%,九州,長崎県,長崎
シースケーキ屋,食品,1000万円,500万円,50%,九州,長崎県,長崎
茶碗蒸し屋,食品,1000万円,500万円,50%,九州,長崎県,長崎
桃まんじゅう屋,食品,1000万円,500万円,50%,九州,長崎県,長崎
明治維新料亭,食品,40億円,4億円,10%,九州,長崎県,長崎
トルコライス屋,食品,1億円,300万円,3%,九州,長崎県,長崎
カステラ屋,食品,3億円,900万円,3%,九州,長崎県,長崎
びわゼリー屋,食品,1億円,1億円,100%,九州,長崎県,茂木
びわゼリー屋,食品,1億円,1億円,100%,九州,長崎県,茂木
びわゼリー屋,食品,1億円,1億円,100%,九州,長崎県,茂木
からくり饅頭屋,食品,1000万円,800万円,80%,九州,長崎県,茂木
いけす料亭,食品,3億円,2400万円,8%,九州,長崎県,茂木
対州そば屋,食品,1000万円,800万円,80%,九州,長崎県,対馬
対州そば屋,食品,1000万円,800万円,80%,九州,長崎県,対馬
対馬イカ釣り漁,水産,3億円,1200万円,4%,九州,長崎県,対馬
対馬イカ釣り漁,水産,3億円,1200万円,4%,九州,長崎県,対馬
対馬イカ釣り漁,水産,3億円,1200万円,4%,九州,長崎県,対馬
チューチュー豆乳屋,食品,1000万円,800万円,80%,九州,長崎県,佐世保
佐世保バーガー屋,食品,1000万円,800万円,80%,九州,長崎県,佐世保
佐世保バーガー屋,食品,1000万円,800万円,80%,九州,長崎県,佐世保
カレー＆シュー屋,食品,1億円,500万円,5%,九州,長崎県,佐世保
通信販売会社,商業,40億円,1億2000万円,3%,九州,長崎県,佐世保
造船所,工業,100億円,1億円,1%,九州,長崎県,佐世保
造船所,観光,100億円,1億円,1%,九州,長崎県,佐世保
ハウスヨーロッパ,観光,200億円,2億円,1%,九州,長崎県,佐世保
ウニのぼっかけ丼屋,食品,1000万円,500万円,50%,九州,長崎県,壱岐
壱岐牛牧場,農林,5億円,3500万円,7%,九州,長崎県,壱岐
マグロ漁,水産,10億円,7000万円,7%,九州,長崎県,壱岐
剣先イカ漁,水産,3億円,900万円,3%,九州,長崎県,壱岐
剣先イカ漁,水産,3億円,900万円,3%,九州,長崎県,壱岐
五島うどん屋,食品,1000万円,500万円,50%,九州,長崎県,五島
五島うどん屋,食品,1000万円,500万円,50%,九州,長崎県,五島
黄金アジ漁,水産,8億円,8000万円,10%,九州,長崎県,五島
黄金アジ漁,水産,8億円,8000万円,10%,九州,長崎県,五島
ウチワエビ漁,水産,2億円,800万円,4%,九州,長崎県,五島
米おこし屋,食品,1000万円,500万円,50%,九州,長崎県,諫早
半導体工場,工業,24億円,2億4000万円,10%,九州,長崎県,諫早
うなぎ蒲焼屋,食品,1億円,800万円,8%,九州,長崎県,諫早
うなぎ蒲焼屋,食品,1億円,800万円,8%,九州,長崎県,諫早
フルーツゼリー工場,食品,22億円,8800万円,4%,九州,長崎県,諫早
タイピーエン屋,食品,1000万円,1000万円,100%,九州,熊本県,熊本
タイピーエン屋,食品,1000万円,1000万円,100%,九州,熊本県,熊本
熊本ラーメン屋,食品,1000万円,700万円,70%,九州,熊本県,熊本
いきなり団子屋,食品,1000万円,600万円,60%,九州,熊本県,熊本
太秋柿園,農林,1億円,1000万円,10%,九州,熊本県,熊本
植木スイカ畑,農林,8000万円,640万円,8%,九州,熊本県,熊本
ドモホルン工場,食品,288億円,14億4000万円,5%,九州,熊本県,熊本
ハイテク工場,工業,2500億円,50億円,2%,九州,熊本県,熊本
うにコロッケ屋,食品,1000万円,1000万円,100%,九州,熊本県,天草
こっぱ餅屋,食品,1000万円,500万円,50%,九州,熊本県,天草
リゾートホテル,観光,16億円,1億6000万円,10%,九州,熊本県,天草
天草豚農場,農林,4億円,1600万円,4%,九州,熊本県,天草
車海老漁,水産,4億円,800万円,2%,九州,熊本県,天草
車海老漁,水産,4億円,800万円,2%,九州,熊本県,天草
天草四郎時貞記念館,観光,8億円,800万円,1%,九州,熊本県,天草
コバルトアイス屋,食品,1000万円,1000万円,100%,九州,熊本県,水俣
ちゃんぽん屋,食品,1000万円,500万円,50%,九州,熊本県,水俣
ちゃんぽん屋,食品,1000万円,500万円,50%,九州,熊本県,水俣
大判焼き屋,食品,1000万円,500万円,50%,九州,熊本県,水俣
タマネギ畑,農林,1億円,400万円,4%,九州,熊本県,水俣
タマネギ畑,農林,1億円,400万円,4%,九州,熊本県,水俣
太刀魚漁,水産,3億円,900万円,3%,九州,熊本県,水俣
チッソ工場,工業,78億円,7800万円,1%,九州,熊本県,水俣
とまと大福屋,食品,1000万円,1000万円,100%,九州,熊本県,人吉
栗めし弁当屋,食品,1000万円,800万円,80%,九州,熊本県,人吉
栗めし弁当屋,食品,1000万円,800万円,80%,九州,熊本県,人吉
球磨川下り舟,観光,5000万円,1250万円,25%,九州,熊本県,人吉
キジ馬工房,商業,5000万円,250万円,5%,九州,熊本県,人吉
球磨焼酎酒造,食品,2億円,600万円,3%,九州,熊本県,人吉
伝統鍛冶工房,工業,1億円,200万円,2%,九州,熊本県,人吉
伝統工芸パーク,商業,40億円,4000万円,1%,九州,熊本県,人吉
桃太郎トマト園,農林,1億円,700万円,7%,九州,熊本県,八代
桃太郎トマト園,農林,1億円,700万円,7%,九州,熊本県,八代
い草畑,農林,1億円,700万円,7%,九州,熊本県,八代
ばんぺいゆ畑,農林,5000万円,250万円,5%,九州,熊本県,八代
ネットメロン園,農林,3億円,1200万円,4%,九州,熊本県,八代
とり天屋,食品,1000万円,1000万円,100%,九州,大分県,別府
とり天屋,食品,1000万円,1000万円,100%,九州,大分県,別府
だんご汁屋,食品,1000万円,250万円,25%,九州,大分県,別府
だんご汁屋,食品,1000万円,250万円,25%,九州,大分県,別府
だんご汁屋,食品,1000万円,250万円,25%,九州,大分県,別府
日本旅館,観光,8億円,6400万円,8%,九州,大分県,別府
日本旅館,観光,8億円,6400万円,8%,九州,大分県,別府
日本旅館,観光,8億円,6400万円,8%,九州,大分県,別府
日田焼きそば屋,食品,1000万円,1000万円,100%,九州,大分県,日田
日田焼きそば屋,食品,1000万円,1000万円,100%,九州,大分県,日田
日田焼きそば屋,食品,1000万円,1000万円,100%,九州,大分県,日田
日田下駄工房,商業,1億円,300万円,3%,九州,大分県,日田
ビール工場,食品,100億円,3億円,3%,九州,大分県,日田
電気メーカー,工業,3200億円,96億円,3%,九州,大分県,日田
天領の町並み,観光,60億円,1億2000万円,2%,九州,大分県,日田
飲料水工場,食品,4億円,400万円,1%,九州,大分県,日田
かぼす醤油屋,食品,1000万円,1000万円,100%,九州,大分県,湯布院
かぼす醤油屋,食品,1000万円,1000万円,100%,九州,大分県,湯布院
ロールケーキ屋,食品,1億円,1000万円,10%,九州,大分県,湯布院
超豪華和風旅館,観光,40億円,8000万円,2%,九州,大分県,湯布院
超豪華和風旅館,観光,40億円,8000万円,2%,九州,大分県,湯布院
三日月和菓子屋,食品,1000万円,1000万円,100%,九州,大分県,竹田
三日月和菓子屋,食品,1000万円,1000万円,100%,九州,大分県,竹田
はらふと餅屋,食品,1000万円,500万円,50%,九州,大分県,竹田
姫だるま工房,商業,3000万円,1500万円,50%,九州,大分県,竹田
かぼす園,農林,8000万円,800万円,10%,九州,大分県,竹田
かぼす園,農林,8000万円,800万円,10%,九州,大分県,竹田
かぼす園,農林,8000万円,800万円,10%,九州,大分県,竹田
滝廉太郎博物館,観光,8億円,800万円,1%,九州,大分県,竹田
鶏のから揚げ屋,食品,1000万円,800万円,80%,九州,大分県,中津
鶏のから揚げ屋,食品,1000万円,800万円,80%,九州,大分県,中津
鶏のから揚げ屋,食品,1000万円,800万円,80%,九州,大分県,中津
はも料理屋,食品,1億円,300万円,3%,九州,大分県,中津
福沢諭吉記念館,観光,5億円,1000万円,2%,九州,大分県,中津
とり天屋,食品,1000万円,800万円,80%,九州,大分県,大分
とり天屋,食品,1000万円,800万円,80%,九州,大分県,大分
だんご汁屋,食品,1000万円,500万円,50%,九州,大分県,大分
やせうま菓子屋,食品,1000万円,500万円,50%,九州,大分県,大分
やせうま菓子屋,食品,1000万円,500万円,50%,九州,大分県,大分
シイタケ栽培,農林,8000万円,400万円,5%,九州,大分県,大分
シイタケ栽培,農林,8000万円,400万円,5%,九州,大分県,大分
豊後牛ステーキ屋,食品,2億円,400万円,2%,九州,大分県,大分
にくまき屋,食品,1000万円,1000万円,100%,九州,宮崎県,宮崎
レタス巻き屋,食品,1000万円,800万円,80%,九州,宮崎県,宮崎
なんじゃ大福屋,食品,1000万円,500万円,50%,九州,宮崎県,宮崎
チーズまんじゅう屋,食品,1000万円,500万円,50%,九州,宮崎県,宮崎
チキン南蛮屋,食品,1000万円,500万円,50%,九州,宮崎県,宮崎
じとっこ鶏場,農林,4億円,4000万円,10%,九州,宮崎県,宮崎
宮崎牛牧場,農林,8億円,8000万円,10%,九州,宮崎県,宮崎
ゴルフ場,観光,40億円,4000万円,1%,九州,宮崎県,宮崎
完熟きんかん園,農林,3億円,3000万円,10%,九州,宮崎県,西都
完熟マンゴー園,農林,8億円,8000万円,10%,九州,宮崎県,西都
完熟マンゴー園,農林,8億円,8000万円,10%,九州,宮崎県,西都
ニラ畑,農林,8000万円,400万円,5%,九州,宮崎県,西都
ピーマン畑,農林,1億円,500万円,5%,九州,宮崎県,西都
ピーマン畑,農林,1億円,500万円,5%,九州,宮崎県,西都
ピーマン畑,農林,1億円,500万円,5%,九州,宮崎県,西都
じとっこ鶏場,農林,2億円,800万円,4%,九州,宮崎県,西都
都城茶畑,農林,5000万円,400万円,8%,九州,宮崎県,都城
都城茶畑,農林,5000万円,400万円,8%,九州,宮崎県,都城
じとっこ鶏場,農林,4億円,1600万円,4%,九州,宮崎県,都城
じとっこ鶏場,農林,4億円,1600万円,4%,九州,宮崎県,都城
ヨーグルト飲料工場,食品,5億円,1500万円,3%,九州,宮崎県,都城
鹿児島ラーメン屋,食品,1000万円,1000万円,100%,九州,鹿児島県,鹿児島
氷白くま屋,食品,3000万円,3000万円,100%,九州,鹿児島県,鹿児島
かるかん饅頭屋,食品,1000万円,800万円,80%,九州,鹿児島県,鹿児島
さつまあげ屋,食品,1000万円,500万円,50%,九州,鹿児島県,鹿児島
さつまあげ屋,食品,1000万円,500万円,50%,九州,鹿児島県,鹿児島
六白キャベツ丼屋,食品,1億円,1000万円,10%,九州,鹿児島県,鹿児島
黒豚しゃぶしゃぶ屋,食品,2億円,1400万円,7%,九州,鹿児島県,鹿児島
明治維新記念館,観光,15億円,1500万円,1%,九州,鹿児島県,鹿児島
あくまき屋,食品,1000万円,800万円,80%,九州,鹿児島県,知覧
知覧紅芋畑,農林,1億円,1000万円,10%,九州,鹿児島県,知覧
知覧茶畑,農林,5000万円,400万円,8%,九州,鹿児島県,知覧
武家屋敷群,観光,20億円,8000万円,4%,九州,鹿児島県,知覧
特攻隊記念館,観光,16億円,4800万円,3%,九州,鹿児島県,知覧
鶏飯屋,食品,1000万円,800万円,80%,九州,鹿児島県,奄美大島
サトウキビ畑,農林,5000万円,400万円,8%,九州,鹿児島県,奄美大島
サトウキビ畑,農林,5000万円,400万円,8%,九州,鹿児島県,奄美大島
焼酎工場,食品,10億円,3000万円,3%,九州,鹿児島県,奄美大島
大島紬工房,商業,4億円,400万円,1%,九州,鹿児島県,奄美大島
カツオ船人めし屋,食品,1000万円,500万円,50%,九州,鹿児島県,枕崎
カツオ船人めし屋,食品,1000万円,500万円,50%,九州,鹿児島県,枕崎
カツオ漁船団,水産,8億円,1600万円,2%,九州,鹿児島県,枕崎
カツオブシ工場,水産,1億円,100万円,1%,九州,鹿児島県,枕崎
カツオブシ工場,水産,1億円,100万円,1%,九州,鹿児島県,枕崎
鉄砲伝来グッズ屋,観光,1000万円,500万円,50%,九州,鹿児島県,種子島
安納イモ畑,農林,1億円,1000万円,10%,九州,鹿児島県,種子島
安納イモ畑,農林,1億円,1000万円,10%,九州,鹿児島県,種子島
サトウキビ畑,農林,5000万円,200万円,4%,九州,鹿児島県,種子島
サトウキビ畑,農林,5000万円,200万円,4%,九州,鹿児島県,種子島
桜島小みかん畑,農林,8000万円,800万円,10%,九州,鹿児島県,桜島
桜島小みかん畑,農林,8000万円,800万円,10%,九州,鹿児島県,桜島
桜島小みかん畑,農林,8000万円,800万円,10%,九州,鹿児島県,桜島
桜島ダイコン畑,農林,5000万円,250万円,5%,九州,鹿児島県,桜島
桜島ダイコン畑,農林,5000万円,250万円,5%,九州,鹿児島県,桜島
カンパチ漁,水産,5億円,3500万円,7%,九州,鹿児島県,鹿屋
落花生畑,農林,5000万円,250万円,5%,九州,鹿児島県,鹿屋
サツマイモ畑,農林,8000万円,400万円,5%,九州,鹿児島県,鹿屋
サツマイモ畑,農林,8000万円,400万円,5%,九州,鹿児島県,鹿屋
サツマイモ畑,農林,8000万円,400万円,5%,九州,鹿児島県,鹿屋
サツマイモ畑,農林,8000万円,400万円,5%,九州,鹿児島県,鹿屋
黒豚農場,農林,3億円,1200万円,4%,九州,鹿児島県,鹿屋
黒豚農場,農林,3億円,1200万円,4%,九州,鹿児島県,鹿屋
ポンカン園,農林,5000万円,250万円,5%,九州,鹿児島県,屋久島
ポンカン園,農林,5000万円,250万円,5%,九州,鹿児島県,屋久島
タンカン園,農林,8000万円,400万円,5%,九州,鹿児島県,屋久島
タンカン園,農林,8000万円,400万円,5%,九州,鹿児島県,屋久島
トビウオ漁船団,水産,8億円,4000万円,5%,九州,鹿児島県,屋久島
トビウオ漁船団,水産,8億円,4000万円,5%,九州,鹿児島県,屋久島
屋久杉工房,農林,3億円,300万円,1%,九州,鹿児島県,屋久島
リゾートホテル,観光,20億円,2000万円,1%,九州,鹿児島県,屋久島
シークワーサー屋,食品,1000万円,1000万円,100%,九州,沖縄県,大宜味
シークワーサー屋,食品,1000万円,1000万円,100%,九州,沖縄県,大宜味
マンゴー農園,農林,8000万円,400万円,5%,九州,沖縄県,大宜味
マンゴー農園,農林,8000万円,400万円,5%,九州,沖縄県,大宜味
芭蕉布工房,商業,4億円,1600万円,4%,九州,沖縄県,大宜味
ソーキそば屋,食品,1000万円,1000万円,100%,九州,沖縄県,名護
ソーキそば屋,食品,1000万円,1000万円,100%,九州,沖縄県,名護
豆腐よう屋,食品,1000万円,500万円,50%,九州,沖縄県,名護
琉球ガラス工房,商業,2億円,600万円,3%,九州,沖縄県,名護
琉球ガラス工房,商業,2億円,600万円,3%,九州,沖縄県,名護
アグー豚農場,農林,6億円,1200万円,2%,九州,沖縄県,名護
アグー豚農場,農林,6億円,1200万円,2%,九州,沖縄県,名護
シーサー工場,商業,8億円,800万円,1%,九州,沖縄県,名護
タコライス屋,食品,1000万円,1000万円,100%,九州,沖縄県,金武
タコライス屋,食品,1000万円,1000万円,100%,九州,沖縄県,金武
タコライス屋,食品,1000万円,1000万円,100%,九州,沖縄県,金武
沖縄ぜんざい屋,食品,1000万円,800万円,80%,九州,沖縄県,本部
シークワーサー屋,食品,1000万円,500万円,50%,九州,沖縄県,本部
シークワーサー屋,食品,1000万円,500万円,50%,九州,沖縄県,本部
ニガウリ農園,農林,5000万円,500万円,10%,九州,沖縄県,本部
ニガウリ農園,農林,5000万円,500万円,10%,九州,沖縄県,本部
カーブチー農園,農林,5000万円,500万円,10%,九州,沖縄県,本部
カーブチー農園,農林,5000万円,500万円,10%,九州,沖縄県,本部
ちゅらら水族館,観光,200億円,4億円,2%,九州,沖縄県,本部
沖縄ソーキそば屋,食品,1000万円,800万円,80%,九州,沖縄県,那覇
サーターアンダギ屋,食品,1000万円,800万円,80%,九州,沖縄県,那覇
ちんすこう屋,食品,1000万円,800万円,80%,九州,沖縄県,那覇
ニンジンしりしり屋,食品,1000万円,500万円,50%,九州,沖縄県,那覇
チャンプルー屋,食品,1000万円,500万円,50%,九州,沖縄県,那覇
水族館,観光,99億円,2億9700万円,3%,九州,沖縄県,那覇
ステーキハウス,食品,4億円,800万円,2%,九州,沖縄県,那覇
リゾートホテル,観光,60億円,1億2000万円,2%,九州,沖縄県,那覇
ちんすこう屋,食品,1000万円,500万円,50%,九州,沖縄県,うるま
照間イグサ工房,商業,5000万円,500万円,10%,九州,沖縄県,うるま
照間イグサ工房,商業,5000万円,500万円,10%,九州,沖縄県,うるま
うるま茶畑,農林,5000万円,400万円,8%,九州,沖縄県,うるま
うるま茶畑,農林,5000万円,400万円,8%,九州,沖縄県,うるま
からそば屋,食品,1000万円,500万円,50%,九州,沖縄県,石垣島
マンゴー園,農林,3億円,2100万円,7%,九州,沖縄県,石垣島
マンゴー園,農林,3億円,2100万円,7%,九州,沖縄県,石垣島
石垣牛屋,食品,4億円,2800万円,7%,九州,沖縄県,石垣島
パイナップル園,農林,1億円,400万円,4%,九州,沖縄県,石垣島
琉球ガラス工房,商業,1億円,300万円,3%,九州,沖縄県,石垣島
琉球ガラス工房,商業,1億円,300万円,3%,九州,沖縄県,石垣島
琉球ガラス工房,商業,1億円,300万円,3%,九州,沖縄県,石垣島
宮古そば屋,食品,1000万円,500万円,50%,九州,沖縄県,宮古島
さとうきび畑,農林,5000万円,400万円,8%,九州,沖縄県,宮古島
さとうきび畑,農林,5000万円,400万円,8%,九州,沖縄県,宮古島
宮古牛工場,食品,5億円,1500万円,3%,九州,沖縄県,宮古島
宮古上布工房,商業,1億円,200万円,2%,九州,沖縄県,宮古島
泡盛酒造工場,食品,3億円,600万円,2%,九州,沖縄県,宮古島
リゾートホテル,観光,30億円,6000万円,2%,九州,沖縄県,宮古島
ゴルフ場,観光,50億円,1億円,2%,九州,沖縄県,宮古島
車エビ漁,水産,5000万円,250万円,5%,九州,沖縄県,久米島
リゾートホテル,観光,30億円,1億2000万円,4%,九州,沖縄県,久米島
久米島がすり工房,商業,1億円,200万円,2%,九州,沖縄県,久米島
久米島がすり工房,商業,1億円,200万円,2%,九州,沖縄県,久米島
泡盛酒造工場,食品,3億円,600万円,2%,九州,沖縄県,久米島
ロコモコ丼屋,食品,1000万円,800万円,80%,海外,ハワイ,ホノルル
パンケーキ屋,食品,1000万円,1000万円,100%,海外,ハワイ,ホノルル
アロハシャツ屋,商業,1億円,5000万円,50%,海外,ハワイ,ホノルル
アロハシャツ屋,商業,1億円,5000万円,50%,海外,ハワイ,ホノルル
ウクレレ工房,商業,4億円,2億円,50%,海外,ハワイ,ホノルル
パイナップル園,農林,5億円,5000万円,10%,海外,ハワイ,ホノルル
パイナップル園,農林,5億円,5000万円,10%,海外,ハワイ,ホノルル
リゾートホテル,観光,400億円,16億円,4%,海外,ハワイ,ホノルル